District,Latitude,Longitude,lat,lon
nicobars,8,93.5,7.158125935,93.78552753
north and middle andaman,12.84095277,92.8692099,12.56826122,92.89738883
south andaman,11.50569706,92.64196482,10.75302822,92.50143399
anantapur,14.68352,77.58195,14.68321112,77.60065878
chittoor,13.20604,79.08833,13.48799207,78.83839435
east godavari,16.96036,82.23809,17.32419555,82.04036898
guntur,16.29974,80.45729,16.39336482,80.00877319
krishna,16.18747,81.13888,16.6127838,80.72109697
kurnool,15.82551,78.03012,15.64681907,78.11116981
prakasam,15.51761,80.0599,15.3514389,79.56051425
spsr nellore,14.08333,79.58333,14.2609096,79.91944044
srikakulam,18.2989,83.89751,18.62028135,84.01656925
visakhapatnam,17.71984,83.26284,17.7266243,82.7347128
vizianagaram,18.11825,83.41798,18.40849542,83.33618661
west godavari,16.71311,81.10437,16.92037015,81.33976834
ysr,13.87457,79.5388,14.57955331,78.83843464
anjaw,28.04142611,96.83475135,28.04142611,96.83475135
changlang,27.37421556,96.35447761,27.56970748,96.49152701
dibangvalley,28.85757419,95.9117829,28.76835186,95.89954669
east kameng,27.59981787,92.92209379,27.61842619,92.85770525
east siang,28.0493143,95.34435148,28.06017417,95.35139573
kamle,27.77785994,94.12304359,27.72796647,94.1111263
kra daadi,27.99767559,93.70192312,28.04981919,93.69974919
kurung kumey,28.00721911,93.20722546,28.08718775,93.26035129
lepa rada,27.93550607,94.71149751,27.89496131,94.7681234
lohit,27.88832904,96.34336336,28.0730567,96.15337992
longding,26.8623075,95.32686365,26.84265921,95.35105235
lower dibangvalley,28.25433025,95.87343736,28.08778503,95.81325331
lower siang,27.77779238,94.68677519,27.80290132,94.60372696
lower subansiri,27.56021766,93.78343877,27.59767596,93.82444863
namsai,27.6654,95.87726,27.67313987,95.86473988
pakke kessang,27.11519867,93.06099951,27.05267832,93.01756593
papum pare,27.30976594,93.60479049,27.22923113,93.50068346
shi yomi,29.20388242,94.29236514,29.20388242,94.29236514
siang,28.42085911,94.81662436,28.50548571,94.64434315
tawang arunachal pradesh,27.59608085,91.85755984,27.64076909,91.75307397
tirap,27.0301656,95.53894736,27.02342996,95.51904748
upper siang,28.82088408,94.92556747,28.86577485,94.97664881
upper subansiri,28.32566653,93.90135469,28.33969027,93.98852413
west kameng,27.29530494,92.38639672,27.34761847,92.30244074
west siang,28.18345759,94.62128205,28.18187578,94.52084496
baksa,26.64715,91.28663,26.69934879,91.59942058
barpeta,26.31282,91.00251,26.3268062,90.98171817
biswanath,26.74382,93.16238,26.8569707,93.33888642
bongaigaon,26.46936,90.56083,26.37595685,90.63902158
cachar,24.81139572,92.85407642,24.78802502,92.85839178
charaideo,27.0587565,95.04605737,27.04184464,95.01892737
chirang,26.6519383,90.62693595,26.70671679,90.52646366
darrang,26.47304421,92.02970031,26.45636055,92.1057496
dhemaji,27.47506,94.5616,27.61357424,94.76881003
dhubri,26.02571,89.9721,26.09415375,90.11275093
dibrugarh,27.48439,94.92311,27.37357499,94.97664874
dima hasao,25.37734217,93.032895,25.35398272,93.01756586
goalpara,26.16213,90.62291,26.09278812,90.63970821
golaghat,26.50722,93.97357,26.46601528,93.98612079
hailakandi,24.67881,92.56544,24.46045356,92.57958614
hojai,26.00316,92.85383,25.96853403,92.9778938
jorhat,26.76765,94.20651,26.69166794,94.27504416
kamrup,26.10524658,91.40129902,25.94601049,91.28875496
kamrup metropolitan,26.12051927,92.0061675,26.17529512,91.94867237
karbi anglong,26,93.5,26.19160696,93.5798906
karimganj,24.86013,92.3765,24.60645638,92.38170005
kokrajhar,26.40403,90.26975,26.51897587,90.07467141
lakhimpur,27.94822,80.77935,27.21183059,94.15102781
majuli,26.96274,94.16202,26.97356653,94.27332756
marigaon,26.25213,92.34157,26.26579167,92.26303399
nagaon,26.34949,92.68462,26.30458813,92.6983815
nalbari,26.4446,91.43824,26.37052269,91.40344631
sivasagar,26.98985,94.64008,27.00764476,94.64434308
sonitpur,26.78398538,92.70607557,26.68432504,92.69941148
south salmara mancachar,25.70893,89.88867,25.81096757,89.8882684
tinsukia,27.48771,95.35682,27.53458669,95.64544653
udalguri,26.74475,92.09442,26.69582681,91.90991851
west karbi anglong,25.85290204,92.53384955,25.93224608,92.38135678
araria,26.13289,87.45705,26.11603152,87.30195121
arwal,25.24546,84.6638,25.16927532,84.66917277
aurangabad bihar,24.75462,84.37566,24.70891144,84.3552295
banka,24.88537,86.92398,24.78097712,86.82202873
begusarai,25.42442,86.13367,25.52395769,86.17379727
bhagalpur,25.24446,86.97183,25.40159771,86.98261552
bhojpur,25.47398182,84.53652323,25.4720212,84.52187024
buxar,25.57225,83.97208,25.56965972,83.97873203
darbhanga,26.15516,85.89044,26.08658472,86.01112202
gaya,24.78497,84.99271,24.72724666,84.85816112
gopalganj,26.46645,84.44284,26.45687561,84.39590488
jamui,24.92142,86.22538,24.76871815,86.33698409
jehanabad,25.21343,84.98535,25.15684291,84.98174865
kaimur bhabua,25.04697,83.60548,25.04788769,83.60591117
katihar,25.53852,87.57044,25.55501333,87.61897589
khagaria,25.51095,86.47246,25.48906232,86.70104074
kishanganj,26.10262,87.94312,26.31361613,87.77735796
lakhisarai,25.16772,86.09556,25.19255177,86.1337777
madhepura,25.91635,86.79344,25.87328046,86.9427181
madhubani,26.96379,84.13345,26.46830405,86.17482728
munger,25.36556,86.48767,25.2016195,86.53937541
muzaffarpur,26.15752488,85.31878079,26.07127655,85.52036201
nalanda,25.12591,85.45373,25.26774841,85.47914448
nawada,24.8867,85.54393,24.74783696,85.51898866
pashchim champaran,27.0794136,84.34214859,27.26246878,84.33019302
patna,25.60129,85.13752,25.49270547,85.02250038
purbi champaran,26.58333,84.83333,26.61654304,84.85713123
purnia,25.77687,87.47435,25.73424219,87.14194085
rohtas,24.69323,84.00265,25.07540649,84.01708027
saharsa,25.87723,86.59285,25.86556466,86.62078898
samastipur,25.86357,85.77874,25.7516811,85.88920645
saran,25.92041915,84.81095533,25.86119865,84.85678788
sheikhpura,25.14192,85.86284,25.09034867,85.88817646
sheohar,26.51373,85.29451,26.48921605,85.31395983
sitamarhi,26.5797,85.50934,26.63767838,85.521392
siwan,26.22096,84.35609,26.17473961,84.39693484
supaul,26.1153,86.59543,26.29450485,86.8220288
vaishali,26.00457,85.07907,25.68936658,85.35564632
chandigarh,30.7036,76.78967,30.73771525,76.78009944
balod,20.72691,81.20536,20.77759187,81.25205359
baloda bazar,21.65707,82.15973,21.58631066,82.30228642
balrampur chhattisgarh,23.60791,83.61888,23.76452818,83.68772126
bastar,19.20758,81.93408,19.11004677,81.95348011
bemetara,21.7192,81.5334,21.6874868,81.47200899
bijapur,16.8282,75.71352,19.00872872,80.71488123
bilaspur,22.0785,82.14016,22.15038656,82.12852118
dantewada,18.89996,81.34823,18.8482244,81.38393121
dhamtari,20.70647,81.5494,20.61503874,81.77887238
durg,21.19918,81.28967,21.16549528,81.42686706
gariyaband,20.63416,82.06133,20.26178487,82.30224071
janjgir champa,21.92060858,82.55684897,21.97341324,82.47493101
jashpur,22.88756,84.13841,22.79249347,83.84660941
kabirdham,22.09087265,81.22484175,22.10416327,81.25153451
kanker,20.27343,81.49286,20.26459127,81.3835879
kondagaon,19.5874,81.6616,19.592692,81.66162643
korba,22.3458,82.69633,22.55292316,82.6490254
korea chhattisgarh,23.15,83.96667,23.39225497,82.38857288
mahasamund,21.1111,82.09559,21.26822198,82.60477331
mungeli,22.06622,81.68623,22.17732415,81.73596651
narayanpur,26.95092,93.85633,19.72278395,81.24702425
raigarh,21.89623,83.39413,22.01314412,83.3372125
raipur,21.24402,81.6348,21.37195393,81.77818575
rajnandgaon,21.09755,81.03435,21.13732945,80.89864883
sukma,18.39238,81.65877,18.13651967,81.25171024
surajpur,23.2139,82.86823,23.50836496,82.82096859
surguja,22.94058325,83.12345663,22.95539332,83.16489466
dadra and nagarhaveli,20.28095,73.04955,20.18360147,73.01708378
daman,20.4252,72.85376,20.40876759,72.83904368
diu,20.71567,70.94762,20.72556235,70.93652657
central delhi,28.64711858,77.21977262,28.68759768,77.22864235
east delhi,28.62279335,77.29347145,28.63154003,77.30303115
new delhi,28.63097,77.2172,28.60054225,77.1715176
north delhi,28.68898739,77.219445,28.78011556,77.12515698
north east delhi,28.71789793,77.25367264,28.73037297,77.25672193
north west delhi,28.76866605,77.08456027,28.73451939,77.02258335
shahdara,28.68005217,77.29512364,28.67681478,77.3037178
south delhi,28.48368246,77.19762521,28.47573488,77.18336241
south east delhi,28.54334441,77.27647133,28.55394102,77.27602116
south west delhi,28.5708361,77.0187817,28.58339359,76.9873425
west delhi,28.65346411,77.0634152,28.67053566,77.06761048
north goa,15.55011847,73.98214611,15.51878845,73.98282983
south goa,15.1950588,74.11859102,15.11997635,74.12382292
ahmadabad,23.02778,72.60026,22.84550736,72.23671688
amreli,21.60517,71.21625,21.44694081,71.28724787
anand,22.55251,72.9552,22.33591983,72.61476812
aravallis,30.72282,76.74507,23.5258209,73.37052086
banas kantha,24.28393164,72.03322431,24.35108181,71.76258604
bharuch,21.69482,72.9805,21.7992948,72.80462166
bhavnagar,21.77524,72.14925,21.51257235,71.85661675
botad,22.16917,71.66671,22.22848502,71.66664309
chhotaudepur,22.31334,74.01521,22.29105686,73.93700661
devbhumi dwarka,22.12845213,69.45553415,22.12766461,69.38241579
dohad,22.85562,74.25742,22.86497268,74.12467721
gandhinagar,23.24081,72.63733,23.21668944,72.66241547
gir somnath,20.96406725,70.77707338,20.88303204,70.76459389
jamnagar,22.46961,70.07358,22.22716588,70.14523172
junagadh,21.51966,70.45981,21.35810158,70.52683535
kachchh,23.62395015,69.95882478,23.73936781,69.85973519
kheda,22.75264,72.68648,22.92913996,72.99329146
mahesana,23.60599,72.37562,23.60495516,72.42615241
mahisagar,23.1884087,73.64712163,23.17678596,73.5597507
morbi,22.80779,70.82353,22.87025472,70.90711816
narmada gujarat,21.88176621,73.55922206,21.87794257,73.55906811
navsari,20.94019,72.93886,20.77218277,73.13478746
panch mahals,22.72045196,73.62926626,22.80616035,73.55803407
patan,23.8507,72.12963,23.71956729,71.85644105
porbandar,21.64481,69.62102,21.6809916,69.81140139
rajkot,22.29161,70.79322,22.11505815,70.71649811
sabar kantha,23.80731509,73.03534808,23.85392857,72.99226153
surat,21.18584,72.83667,21.26609098,72.99312387
surendranagar,22.72706,71.64856,22.77925403,71.66732976
tapi,21.17638519,73.6193864,21.28174662,73.60652093
the dangs,20.57993,73.74679,20.82826119,73.70053576
vadodara,22.30948,73.1799,22.21247905,73.18147019
valsad,20.60651,72.93136,20.49551468,73.13478746
ambala,30.36099,76.79782,30.29117098,76.96395755
bhiwani,28.79304,76.13968,28.76147044,75.80758965
charkhi dadri,28.60328,76.24963,28.56715431,76.13233342
faridabad,28.39262,77.31268,28.41071394,77.33278061
fatehabad,27.02722,78.30065,29.65116215,75.62080365
gurugram,28.47717,77.06846,28.36632828,76.87174756
hisar,29.15394,75.72294,29.30684484,75.80758968
jhajjar,28.60767,76.65252,28.62417787,76.6874649
jind,29.31577,76.31502,29.36665413,76.36372333
kaithal,29.79742,76.37763,29.73149466,76.36269338
karnal,29.69197,76.98448,29.78822429,76.91854788
kurukshetra,29.97323,76.83214,30.00088846,76.77912542
mahendragarh,23.21327,82.19355,28.20996541,76.22404473
mewat,27.98776531,77.05101549,28.01703208,77.05747114
palwal,28.14264,77.33442,28.04274128,77.33210962
panchkula,30.70459,76.86391,30.66232429,77.05575465
panipat,29.38747,76.96825,29.38161495,76.96430083
rewari,28.199,76.6183,28.28764366,76.54744469
rohtak,28.89764,76.57446,28.87835114,76.50153904
sirsa,29.53957,75.03103,29.56641433,74.87409934
sonipat,28.9953,77.02214,29.05798237,76.91820452
yamunanagar,30.12796,77.28371,30.1877017,77.28648277
bilaspur himachal,31.33912,76.76377,31.34682438,76.68746503
chamba,32.55535,76.12488,32.76251863,76.17871222
hamirpur himachal,31.66771971,76.52647792,31.68442747,76.50291247
kangra,32.10136,76.27312,32.0726444,76.36372347
kinnaur,31.59522128,78.41359664,31.65706834,78.47484612
kullu,31.904116,77.40087414,31.829289,77.47122212
lahul and spiti,32.48008549,77.61677718,32.62323211,77.37871722
mandi himachal,31.70922,76.93197,31.59531544,76.91717467
shimla,31.10326,77.15844,31.1289856,77.65360742
sirmaur,30.66672821,77.43110009,30.56784507,77.47087874
solan,30.91888,77.09764,31.09562457,76.87243434
una himachal,31.58008186,76.21121914,31.5653896,76.22541819
anantnag,33.72988,75.15084,33.71036992,75.24721451
bandipore,34.41785,74.64124,34.51142333,74.68653327
baramulla,34.19287,74.3692,34.15263734,74.26453465
budgam,34.04126,74.72625,33.9396697,74.64003826
doda,33.14455,75.54472,33.1018794,75.66666437
ganderbal,34.21652,74.77042,34.24890906,75.01575077
jammu,32.70267,74.87843,32.93988002,74.68653319
kathua,32.38589,75.51756,32.52174584,75.62149043
kishtwar,33.31624,75.76513,33.52476979,75.89986244
kulgam,33.64507,75.01765,33.60191082,74.73404527
kupwara,34.52686,74.25742,34.43727567,74.12399109
mirpur,23.93689,88.99858,33.59630597,74.04728952
muzaffarabad,34.37002,73.47082,34.33772263,73.70104721
poonch,33.76971,74.09728,33.76738039,74.31147293
pulwama,33.87351,74.89937,33.98840902,75.01472079
rajouri,33.24393836,74.39195973,33.24156715,74.3114729
ramban,33.24151,75.23696,33.30973229,75.20088071
reasi,33.08202,74.83298,33.26439271,74.8283434
samba,32.60990489,75.05753435,32.59434243,75.10817152
shopian,33.71937,74.83127,33.72138669,74.80322891
srinagar,34.08442,74.7991,34.11301562,74.8042589
udhampur,32.91978,75.12841,32.88144586,75.29319072
bokaro,23.66934,86.15161,23.66790703,85.97131659
chatra,24.20418,84.8719,24.15793643,84.85678781
deoghar,24.48909,86.6995,24.39818778,86.66041627
dhanbad,23.79596,86.43061,23.82486722,86.49930587
dumka,24.26838,87.24887,24.4118318,87.30229447
east singhbhum,22.59238,86.48341,22.4923645,86.50067912
garhwa,24.15887,83.80083,24.113761,83.67773073
giridih,24.18711,86.30464,24.29101059,86.09475578
godda,24.83211,87.2073,24.79190223,87.30298113
gumla,23.04153,84.54301,23.19892362,84.52324344
hazaribagh,23.99885,85.36735,23.98466863,85.35427296
jamtara,23.96056,86.80218,23.9755935,86.94271803
khunti,22.98497625,85.25348492,23.0854232,85.27741527
koderma,24.48386,85.42703,24.51443162,85.64416827
latehar,23.7444,84.50814,23.76027068,84.35454282
lohardaga,23.46888714,84.65334205,23.44128871,84.64722034
pakur,24.63681,87.84719,24.55959073,87.65913759
palamu,24.20310622,84.16925521,24.13422826,84.18570611
ramgarh,25.29061,83.65032,23.65832106,85.56017462
ranchi,23.3507,85.31377,23.41571846,85.35461626
sahebganj,26.29745,84.92698,25.03381889,87.65845097
saraikela kharsawan,22.84530746,85.95109784,22.86243208,86.01318183
simdega,22.61049,84.50165,22.63293149,84.69008738
west singhbhum,22.5,85.5,22.37014482,85.43720862
bagalkote,16.18673,75.69614,16.13817742,75.62012075
ballari,15.14468,76.92893,15.09781621,76.54865012
belagavi,15.86704,74.51162,16.17038524,74.78086111
bengaluru rural,13.22323382,77.57396487,13.32588423,77.47002411
bengaluru urban,12.97129,77.6277,12.97286524,77.65361107
bidar,17.90802,77.51524,17.91332971,77.52007816
chamarajanagara,11.918,76.951,12.05616648,77.28665813
chikkaballapura,13.58063818,77.83711763,13.43816655,77.73118965
chikkamagaluru,13.32335,75.77362,13.40784314,75.62080738
chitradurga,14.22049,76.39956,14.18513276,76.54847846
dakshina kannada,12.86767344,75.25150721,12.84746023,75.24756135
davanagere,14.4593,75.91528,14.33442824,75.99259212
dharwad,15.45111,75.00517,15.36832588,75.06145661
gadag,15.43312,75.63545,15.40577321,75.61977742
hassan,13.00344,76.10322,13.07826432,76.17837248
haveri,14.79276,75.39635,14.66384618,75.43326965
kalaburagi,17.33282,76.84033,17.40767649,76.6412698
kodagu,12.32488393,75.80527847,12.34084503,75.80673511
kolar,13.13768,78.12999,13.18003685,78.20152229
koppal,15.32956,76.15266,15.62437105,76.17820083
mandya,12.52739,76.89468,12.5675755,76.73330735
mysuru,12.30902,76.65306,12.19066798,76.36338375
raichur,16.20546,77.35567,15.93027117,76.64075481
ramanagara,12.71533,77.27396,12.60326802,77.47071076
shivamogga,13.9448,75.56668,14.01157421,75.15470834
tumakuru,13.34054,77.10157,13.3739655,76.64195642
udupi,13.33694,74.74469,13.54278636,74.87410308
uttara kannada,14.78855323,74.62379899,14.79702224,74.68722341
vijayapura,16.8282,75.71352,16.6180485,75.89952267
yadgir,16.76094,77.13667,16.58070815,76.73433734
alappuzha,9.5013,76.33233,9.491863784,76.49321252
ernakulam,10.08405614,76.54629706,10.0744727,76.54916509
idukki,9.838750875,77.05881477,9.921938494,77.1023171
kannur,11.87482,75.37628,11.97379896,75.62115069
kasaragod,12.51143,74.98361,12.43597551,75.10714513
kollam,8.88686,76.59228,8.999936202,76.87192297
kottayam,9.59476,76.53296,9.600302813,76.68678202
kozhikode,11.2588,75.78094,11.49761548,75.85287898
malappuram,11.0429,76.08045,11.11405353,76.17871579
palakkad,10.77581,76.65813,10.95413593,76.5477918
pathanamthitta,9.26457,76.78669,9.263123974,76.96447622
thiruvananthapuram,8.50525,76.95144,8.534090959,77.10266042
thrissur,10.51082,76.21121,10.41763315,76.36372706
wayanad,11.71092904,76.08736764,11.68821231,76.13199387
kargil,34.55159,76.13059,34.38046429,76.26146947
leh ladakh,34.14473,77.55612,34.20840784,77.57241833
lakshadweep,11.14411888,72.048025,9.98846788,72.93212844
agar malwa,23.82502357,76.07296927,23.79040082,75.9927598
alirajpur,22.30594,74.35548,22.3123026,74.35546602
anuppur,23.11566,81.69611,23.07858619,81.7776667
ashoknagar,24.5761,77.73067,24.69681856,77.83740948
balaghat,21.81664,80.18473,21.86304666,80.36620696
barwani,22.03193,74.90409,21.83826305,75.06077001
betul,21.90316,77.90004,21.96971732,77.74503507
bhind,26.56707,78.78545,26.44989805,78.74864547
bhopal,23.26466,77.40521,23.49376242,77.42394846
burhanpur,21.30868,76.23026,21.39229788,76.36355547
chhatarpur,24.90855,79.59632,24.92267529,79.59100044
chhindwara,22.05697,78.93958,22.05126424,78.83688564
damoh,23.83571,79.44359,23.88278521,79.46900981
datia,25.66513,78.46092,25.68977436,78.56367661
dewas,22.96585,76.05526,22.70082957,76.3641408
dhar,22.59529,75.30061,22.5019351,75.15487597
dindori,22.947,81.07506,22.84747763,81.07557561
east nimar,21.89937662,76.55840047,21.88311477,76.64075485
guna,24.64643,77.3109,24.65141322,77.28579588
gwalior,26.22011,78.1762,26.03286139,78.20066009
harda,22.34385,77.08972,22.20472506,77.10385803
hoshangabad,22.74747,77.72736,22.65194525,78.01918993
indore,22.71622,75.86512,22.65432863,75.80724608
jabalpur,23.17416,79.93135,23.354413,80.00842586
jhabua,22.76992,74.59749,22.92094559,74.68653274
katni,23.75129204,80.40825144,23.75207259,80.36482963
khargone,21.82574,75.6213,21.90557245,75.80690683
mandla,22.60958,80.37007,22.63122226,80.54315291
mandsaur,24.07259,75.066,24.09138578,75.24790071
morena,26.49052,77.98572,26.37624372,77.83740954
narsinghpur,22.94579,79.19627,22.91763496,79.10968466
neemuch,24.45854,74.86246,24.46342776,75.24858737
niwari,25.34976,78.8045,25.28050837,78.70157581
panna,24.70793,80.17652,24.49605289,80.1871578
raisen,23.33011,77.78448,23.22719469,78.20203327
rajgarh,24.00574,76.72716,23.85617414,76.73330338
ratlam,23.33033,75.04032,23.56634822,75.10714114
rewa,24.52611,81.30245,24.76875115,81.60384416
sagar,23.84315,78.74272,23.93219282,78.838259
satna,24.5761,80.80066,24.53858013,80.89898815
sehore,23.20106,77.07711,22.95327862,77.10248476
seoni,22.08503,79.55037,22.47677091,79.56068187
shahdol,23.29266,81.35864,23.62691876,81.42754967
shajapur,23.41999,76.28085,23.42423183,76.59436344
sheopur,25.67335,76.69655,25.73615028,76.91820437
shivpuri,25.42378,77.66223,25.34350917,77.74485943
sidhi,24.40736,81.88261,24.21303646,81.77904003
singrauli,24.19468,82.6656,24.24876542,82.47527031
tikamgarh,24.74429,78.83302,24.96920678,78.92881884
ujjain,23.18088,75.78813,23.28122185,75.52766448
umaria,23.53065,80.82789,23.60176402,81.07545083
vidisha,23.52142,77.80641,23.94772564,77.83637948
ahmednagar,19.09211,74.73842,19.45808748,74.40514483
akola,20.70535,77.00218,20.70244222,77.10231716
amravati,20.93333,77.75,21.11877526,77.65378279
aurangabad,19.87016,75.346,19.89333773,75.15436506
beed,18.98957,75.75589,18.92535921,75.80707847
bhandara,21.17119,79.65631,21.07604292,79.82984459
buldhana,20.58333,76.41667,20.45914861,76.36372712
chandrapur,19.9665,79.29658,20.21241795,79.5599993
dhule,20.90286,74.7725,21.06037367,74.68722345
gadchiroli,20.18259,80.00617,19.49913398,80.27690298
gondia,21.45879,80.19625,21.28624867,80.18716181
hingoli,19.72169,77.15177,19.58088763,77.10231715
jalgaon,21.00292,75.56602,21.04245772,75.52766853
jalna,19.84102,75.88636,19.68393674,75.9932788
kolhapur,16.70448,74.24142,16.3960884,74.12433792
latur,18.39721,76.56784,18.43519006,76.73399403
mumbai,18.94018,72.83484,19.00376776,72.83955865
mumbai suburban,19.14312174,72.88110732,19.15689949,72.87534887
nagpur,21.15707,79.08209,21.31973335,79.19965021
nanded,19.15571,77.31096,18.94621799,77.37837751
nandurbar,21.36671,74.24051,21.74956023,74.12399463
nashik,19.99727,73.79096,20.16492346,74.02932417
osmanabad,18.1853,76.04073,18.21038358,76.17888749
palghar,19.70023,72.77104,19.78913366,72.99243721
parbhani,19.26078,76.77693,19.26683571,76.64058317
pune,18.50419,73.85286,18.68617896,74.02966749
raigad,18.51217,73.2234056,18.51884015,73.18284755
ratnagiri,16.99214,73.2919,17.25037376,73.3708682
sangli,16.85438,74.56417,17.17311966,74.68705176
satara,17.68589,73.99333,17.58176786,74.02915249
sindhudurg,16.13307387,73.73980786,16.16947359,73.55906807
solapur,17.65809,75.90678,17.69861619,75.52784016
thane,19.19704,72.96355,19.27252986,73.3713832
wardha,20.73542,78.59488,20.80795625,78.56625549
washim,20.10821,77.14092,20.14190908,77.10248882
yavatmal,20.39324,78.13201,20.12000978,78.11065486
bishnupur,23.06428,87.31048,24.5319948,93.78414492
chandel,24.33938,94.00621,24.14416872,94.02901593
churachandpur,24.34813,93.70104,24.20084757,93.66266183
imphal east,24.70859576,94.08027,24.80862433,94.02832931
imphal west,24.7711428,93.86550462,24.78712494,93.88589013
jiribam,24.80444,93.11855,24.66342084,93.15719548
kakching,24.49917,93.97953,24.45595663,93.92664482
kamjong,24.8174865,94.43295323,24.75295923,94.31575996
kangpokpi,25.00218546,93.94320165,25.09690507,93.86586827
noney,24.67800512,93.46002375,24.7270171,93.45992723
pherzawl,24.31935383,93.21384466,24.40163382,93.17830384
senapati,25.26867,94.02224,25.32589429,94.15137106
tamenglong,24.96538,93.49509,24.96408398,93.50171333
tengnoupal,24.38573,94.14758,24.42357159,94.19267794
thoubal,24.64331,93.99715,24.61804804,94.0283293
ukhrul,25.09836,94.36107,25.31537829,94.47962733
east garo hills,25.64193857,90.63532924,25.57272069,90.52577697
east jaintia hills,25.27287118,92.46524111,25.31595073,92.49998646
east khasi hills,25.38602412,91.81170472,25.37342745,91.75387636
north garo hills,25.87084688,90.69906329,25.83226226,90.658671
ribhoi,25.87002496,91.88224842,25.93705408,92.0668577
south garo hills,25.30925714,90.57743606,25.33596984,90.56291701
south west garo hills,25.44557148,89.9501581,25.43152084,89.96267456
south west khasi hills,25.31754834,91.26426864,25.33145363,91.25093818
west garo hills,25.62913335,90.19132358,25.76320008,90.22446087
west jaintia hills,25.48379519,92.27506679,25.55439386,92.38135677
west khasi hills,25.57420408,91.11359169,25.56708511,91.28944159
aizawl,23.72894,92.71791,23.88391855,92.89762
champhai,23.47809,93.3261,23.64193905,93.17761717
kolasib,24.22646,92.67939,24.17234062,92.73816181
lawngtlai,22.53189,92.89906,22.31745684,92.69872466
lunglei,22.87654,92.75184,22.88845523,92.69941133
mamit,23.7517257,92.45423831,23.84328432,92.53856763
saiha,22.49006,92.98032,22.26495795,92.97617705
serchhip,23.32583,92.85445,23.31341145,92.8979633
dimapur,25.91174,93.7217,25.7848301,93.8048211
kiphire,25.83437919,94.83506645,25.82399103,94.85274492
kohima,25.66288,94.09311,25.75199033,94.11009625
longleng,26.49461,94.82398,26.48679085,94.77052659
mokokchung,26.32325,94.51371,26.49606173,94.52153153
mon nagaland,26.72189,95.03025,26.80871521,94.97699204
peren,25.49866484,93.62136537,25.51803127,93.73871714
phek,25.64910075,94.54502422,25.74393567,94.439128
tuensang,26.23347,94.81149,26.24987702,94.81059019
wokha,26.09274,94.25621,26.22233688,94.19199137
zunheboto,26.01599,94.52757,26.07220171,94.47928404
anugul,20.83925,85.10047,20.92385749,84.8564485
balangir,20.7064,83.48973,20.67499254,83.16472706
baleshwar,21.50096,86.91808,21.34958259,86.66076361
bargarh,21.33767,83.62123,21.25806477,83.50667561
bhadrak,21.06327,86.49953,20.96820658,86.66127859
boudh,20.83858,84.32236,20.66379158,84.1431689
cuttack,20.46653,85.89615,20.4223403,85.64348562
deogarh,25.5292,73.90812,21.49447387,84.85679183
dhenkanal,20.65297,85.59907,20.84548198,85.43738436
gajapati,19.17476522,84.16118689,19.19413567,84.18588177
ganjam,19.38765,85.05012,19.58903935,84.68991978
jagatsinghapur,20.26238,86.16382,20.20031677,86.33801804
jajapur,20.81768,86.34293,20.76842497,86.17517452
jharsuguda,21.86528,84.02454,21.79482116,83.88987599
kalahandi,19.86827798,83.10903938,19.91712086,83.16404041
kandhamal,20.12749474,84.04784113,20.1369393,84.0172559
kendrapara,20.50612,86.42107,20.58804122,86.6607636
kendujhar,21.63193,85.58506,21.51830852,85.68440497
khordha,20.17422,85.61388,20.132715,85.47863346
koraput,18.81133,82.71254,18.85913837,82.73436949
malkangiri,18.35906,81.88701,18.16733803,81.9534801
mayurbhanj,21.8948951,86.41202693,22.01472487,86.41838201
nabarangpur,19.23114,82.54826,19.50336381,82.30177141
nayagarh,20.13129,85.12827,20.16865275,85.0230013
nuapada,20.77646,82.54623,20.6464757,82.47510266
puri,19.79825,85.82494,19.99960645,85.84879388
rayagada,19.17323,83.4122,19.36050196,83.50667559
sambalpur,21.46527,83.97573,21.47238113,84.18536681
sonepur,25.70599,85.1492,20.88539335,83.89279789
sundargarh,22.11958,84.04161,21.96772166,84.77333113
karaikal,10.92549,79.83228,10.936609,79.79553588
mahe,11.69938,75.53452,11.70305036,75.53412831
puducherry,11.92993,79.8247,11.92202036,79.77328585
yanam,16.73042,82.22375,16.71724086,82.26341687
amritsar,31.63347,74.87507,31.7222065,74.87375612
barnala,30.37451,75.5487,30.4029918,75.48176013
bathinda,30.20747,74.93893,30.13056305,75.06076625
faridkot,30.65548,74.76948,30.59761094,74.82696997
fatehgarhsahib,30.6421632,76.37667752,30.68608578,76.40933495
fazilka,30.40896,74.03481,30.19768303,74.12330423
firozepur,30.92948,74.61748,31.00875467,74.87272612
gurdaspur,32.04088,75.40136,31.94580951,75.24824438
hoshiarpur,31.53723,75.91269,31.65342405,75.80758979
jalandhar,31.33081,75.59016,31.22309976,75.57424162
kapurthala,31.37775,75.39097,31.37109448,75.29422061
ludhiana,30.90726,75.8492,30.77631153,75.99310342
mansa punjab,29.99084,75.39997,29.99247048,75.43412424
moga,30.81892,75.1777,30.69243564,75.24755767
pathankot,32.27054,75.64904,32.31918829,75.59683793
patiala,30.33625,76.3922,30.31482286,76.31603559
rupnagar,30.97297,76.53273,31.1466454,76.50153915
sangrur,30.25108,75.83437,30.39426447,75.8072464
sas nagar,30.70346,76.69161,30.65046039,76.71055809
shahid bhagat singh nagar,31.1104745,76.15476279,31.09597314,76.04021578
sri muktsar sahib,30.46777,74.51819,30.24502409,74.50150651
tarn taran,31.45959,74.92212,31.36572293,74.87341278
ajmer,26.46554,74.63173,26.17142302,74.77982725
alwar,27.55619,76.61238,27.4683291,76.64126595
banswara,23.55173,74.44428,23.44036922,74.31147246
baran,25.09606,76.50895,24.97608592,76.73364674
barmer,25.75199,71.41381,25.7641645,71.38243207
bharatpur,27.21087,77.48153,27.06764457,77.28613931
bhilwara,25.34707,74.64081,25.43417428,74.78051386
bikaner,28.01649,73.31183,28.19316009,73.27653088
bundi,25.43425,75.6366,25.54666611,75.89986206
chittorgarh,24.88963,74.62403,24.96256528,74.68721946
churu,28.30415,74.96718,28.37426595,74.78154395
dausa,26.89966,76.33038,26.79640749,76.36543983
dholpur,26.69286,77.87968,26.73025255,77.65326389
dungarpur,23.84163,73.7144,23.77161718,73.93563337
ganganagar,29.92009,73.87496,29.32905677,73.65395905
hanumangar,29.58182,74.32938,29.16065435,74.4991032
jaipur,26.92591,75.80673,27.02677536,75.8995188
jaisalmer,26.91946,70.9143,26.9590888,70.8116467
jalore rajasthan,25.3488008,72.62502763,25.130322,72.14229449
jhalawar,24.58979,76.16001,24.38274766,76.36303647
jhunjhunu,28.12564,75.4004,28.09149423,75.52697803
jodhpur,26.26694,73.03049,26.68963869,72.89880161
karauli,26.48425,77.01885,26.49657043,77.1024849
kota,25.16531,75.85126,25.09194072,75.9920732
nagaur,27.20166,73.73202,27.18993079,74.02897697
pali,25.77276,73.32335,25.75958133,73.55872083
rajasthan pratapgarh,24.03943,74.77771,24.03498863,74.68653278
rajsamand,25.05946,73.88316,25.22968626,73.74606374
sawai madhopur,26.02301,76.34408,26.2416177,76.36269323
sikar,27.61206,75.13996,27.60306576,75.24721421
sirohi,24.8903,72.85645,24.75292792,72.80461766
tonk,26.16113,75.78625,26.16789371,75.62217678
udaipur,24.58702,73.69845,24.20369115,73.65327219
east sikkim,27.33333,88.66667,27.31413553,88.67235254
north sikkim,27.66667,88.5,27.82907637,88.55686908
south sikkim,27.33333,88.41667,27.30934473,88.36209309
west sikkim,27.33333,88.25,27.30775047,88.20749786
ariyalur,11.13938,79.08428,11.24305806,79.29021187
chengalpattu,12.68225,79.98056,12.52967922,80.00842985
chennai,13.08376,80.28256,13.10699488,80.25443358
coimbatore,10.99415,76.96629,10.97039106,76.91820827
cuddalore,11.74515,79.75896,11.61444588,79.65038073
dharmapuri,18.94365,79.09492,12.09600508,78.20186561
dindigul,10.3621,77.96947,10.47778035,77.8365551
erode,11.34065,77.71723,11.51921618,77.28614315
kallakkurichi,11.73577,78.96306,11.77413176,79.10986033
kancheepuram,12.82425,79.70112,12.83846586,79.78432579
kanniyakumari,8.09948,77.51963,8.326575226,77.3322694
karur,10.95921,78.07722,10.88837018,78.15609844
krishnagiri,12.52646,78.21408,12.6285279,78.01936561
madurai,9.92418,78.12416,9.956487842,78.01953726
nagapattinam,10.7769,79.84062,10.76876277,79.78415412
namakkal,11.21941,78.16773,11.28633865,78.11031148
perambalur,11.2341,78.88024,11.22926789,78.92899443
pudukkottai,10.38518,78.79233,10.34111919,78.92847944
ramanathapuram,9.36025,78.83724,9.410010901,78.70175138
ranipet,12.95147655,79.47278252,12.91549163,79.42554784
salem,11.66553,78.15164,11.73765094,78.20203727
sivaganga,9.85021,78.4856,9.975448615,78.5659121
tenkasi,8.9635,77.30821,9.063993395,77.47053908
thanjavur,10.76864,79.12901,10.66140789,79.24425516
the nilgiris,11.45711776,76.64147526,11.49429292,76.73330735
theni,10.01019,77.47708,9.936362433,77.46916579
thiruvallur,13.12466,79.91844,13.26743186,80.00602246
thiruvarur,10.77342,79.63663,13.26743186,80.00602246
thoothukkudi,8.80627,78.14325,10.71406618,79.47038707
tiruchirappalli,10.80605,78.69476,11.03762898,78.5659121
tirunelveli,8.72641,77.7335,8.551704635,77.65309607
tirupathur,10.11108,78.60017,12.60945822,78.61132681
tiruppur,11.08942,77.36261,10.81648207,77.4700241
tiruvannamalai,12.23526,79.07481,12.49464592,79.10934535
vellore,12.91354,79.13249,12.89675226,78.97389941
viluppuram,11.9379,79.5019,12.14788921,79.47090206
virudhunagar,9.58919,77.95368,9.424318686,77.83689842
adilabad,19.67203,78.5359,19.49310094,78.56556883
bhadradri kothagudem,17.67072874,80.7063695,17.73635578,80.7214403
hyderabad,17.3949,78.47073,17.40444196,78.45223671
jagtial,18.78827,78.91405,18.75432937,78.74744775
jangaon,17.72323,79.16095,17.66298708,79.28986858
jaya shankar bhalupally,18.49444782,79.92289203,18.43235203,79.86279746
jogulamba gadwal,16.0737437,77.77441436,16.09328809,77.83689845
kamareddy,18.33272,78.34374,18.33544374,78.02022395
karimnagar,18.43915,79.12856,18.36213316,79.24477018
khammam,17.25163,80.15729,17.14851779,80.18733344
kumuram bheem asifabad,19.35648,79.28676,19.36004141,79.47073044
mahabubabad,17.59606,80.0008,17.70046935,80.00860154
mahbubnagar,16.74385,77.98597,16.79644731,77.97369193
mancherial,18.99744337,79.5193324,18.9847737,79.47021545
medak,18.04768,78.26682,17.9734607,78.20152232
medchalmalkajgiri,17.55068142,78.56167267,17.57261922,78.52082026
mulugu,18.2851723,80.33615172,18.28190936,80.36586361
nagarkurnool,16.48687,78.31276,16.31945935,78.56591213
nalgonda,17.0571,79.26849,17.06008789,79.26790051
narayanpet,16.74752,77.4959,16.63781707,77.65292445
nirmal,19.08685,78.33975,19.11824743,78.56625547
nizamabad,18.67154,78.0988,18.67542745,78.09374199
peddapalle,18.60945,79.38166,18.60953839,79.47021545
rajanna sircilla,18.41827932,78.77058762,18.38017747,78.74779107
rangareddy,17.13623259,78.41331406,17.05246892,78.38404964
sangareddy,17.62515,78.08236,17.72082784,77.88262986
siddipet,18.0191955,78.86362776,18.01681021,78.9288228
suryapet,17.15349,79.62007,16.94357324,79.82950124
vikarabad,17.25212196,77.74650056,17.20646992,77.83689846
wanaparthy,16.36144,78.06529,16.2460811,78.06536335
warangal rural,17.92133751,79.74942728,17.97167234,79.594053
warangal urban,18.04393531,79.47208777,17.91855768,79.6951089
yadadri bhuvanagiri,17.50821,78.8781,17.4565465,78.92865114
dhalai,23.84497451,91.92689498,23.85232842,91.9099184
gomati,23.52065062,91.63393258,23.52294544,91.63686626
khowai,24.07104,91.6023,23.90239671,91.6372096
north tripura,24.10385526,92.20798421,24.08564718,92.26372055
sepahijala,23.60635,91.34328,23.61982893,91.32695014
south tripura,23.20130752,91.58261067,23.23772191,91.55960628
unakoti,24.19705283,92.03623462,24.18401673,92.02765693
westtripura,23.89030281,91.40253507,23.90687922,91.40413285
agra,27.19219,78.00005,27.13331865,78.01953343
aligarh,27.88636,78.07375,27.88872724,78.20203346
ambedkar nagar,26.420155,82.67087086,26.3781749,82.69188092
amethi,26.15687,81.80528,26.32229527,81.64699537
amroha,28.87696,78.46851,28.86859247,78.33870141
auraiya,26.46031,79.51097,26.6924773,79.47072654
ayodhya,26.79254,82.20021,26.66822057,81.95313289
azamgarh,26.06832,83.18358,26.0702321,83.07908119
baghpat,28.94517,77.22075,29.0515295,77.332094
bahraich,27.57684,81.60251,27.75766767,81.42651987
ballia,25.75835,84.14805,25.83718341,84.18570618
balrampur uttar,27.43065,82.1802,27.43659925,82.30176754
banda,25.47758,80.33491,25.45757922,80.54315302
bara banki uttar,26.93864,81.3274,26.93198389,81.18337562
bareilly,28.35441,79.41633,28.54857069,79.47072662
basti,26.79684,82.73989,26.84395086,82.6047694
bhadohi,25.39452,82.56855,25.33193581,82.43159183
bijnor,29.3732,78.13565,29.37771193,78.38421753
budaun,28.03643,79.12301,28.13536829,78.92881898
bulandshahr,28.40974,77.85006,28.42694412,78.02056346
chandauli,25.26037,83.26768,25.18369082,83.29340325
chitrakoot,25.1783,80.86903,25.11494213,81.07511702
deoria,26.50249,83.77917,26.43220676,83.8048627
etah,27.57365,78.65228,27.52273519,78.79363439
etawah,26.77615,79.02133,26.85069197,79.10968482
farrukhabad,27.39134,79.5793,27.43619111,79.4696966
fatehpur,27.17326,81.21653,25.85582783,80.89761491
firozabad,27.15211,78.39466,27.18052643,78.56436332
gautam buddha nagar,28.36145,77.50703,28.34374734,77.60812461
ghaziabad,28.66535,77.43915,28.79457493,77.51504364
ghazipur,25.58333,83.58526,25.61905611,83.50667165
gonda,27.13582,81.95977,27.04259321,81.95347623
gorakhpur,26.75432,83.37554,26.73986295,83.33618271
hamirpur,25.96085,80.1453,25.79715498,80.00739598
hapur,28.72985,77.78068,28.75319381,78.06621787
hardoi,27.39491,80.13165,27.30427903,80.18818788
hathras,27.59551,78.05201,27.56152608,78.15609463
jalaun,26.1429,79.32559,26.13323346,79.47141316
jaunpur,25.74508,82.68237,25.76612493,82.64799555
jhansi,25.4486,78.56956,25.54405861,79.10934144
kannauj,27.03157,79.92119,27.03515908,79.6947617
kanpur dehat,26.43949624,79.859545,26.53221244,79.82863904
kanpur nagar,26.38798088,80.21174087,26.41972046,80.23109603
kasganj,27.81298,78.65017,27.79998952,78.79226112
kaushambi,25.4990444,81.41698342,25.51111121,81.42651977
kheri,27.90539,80.79879,28.17056328,80.63405967
kushinagar,26.75009,83.91439,26.90619104,83.8893571
lalitpur,24.69129,78.41379,24.65404511,78.47518913
lucknow,26.85471,80.92135,26.79145385,80.89795827
maharajganj,26.10972,84.50627,27.12352817,83.50667171
mahoba,25.29164,79.87111,25.40998888,79.82898231
mainpuri,27.22814,79.02501,27.22382241,79.10934151
mathura,27.49193,77.67407,27.65655363,77.65395058
maunath bhanjan,25.93854,83.56515,25.95058246,83.55997661
meerut,28.99862,77.70459,28.96117055,77.83637969
mirzapur,25.13432,82.56707,25.01407005,82.64833884
moradabad,28.83893,78.77684,28.90744783,78.79260449
muzaffarnagar,29.47046,77.70766,29.51193394,77.83603639
pilibhit,28.63124,79.80436,28.5879868,80.00808275
uttar pratapgarh,25.89549,81.94783,25.90846758,81.77869678
prayagraj,25.43609,81.84718,25.3542763,81.95347616
rae bareli,26.22099,81.25568,26.25028143,81.25153467
rampur,28.77825,79.02556,28.88791142,79.11071488
saharanpur,29.96569,77.54607,29.84144648,77.46984873
sambhal,28.58438,78.57182,28.47407337,78.56607999
sant kabeer nagar,26.78823292,83.02278689,26.77205612,83.03544567
shahjahanpur,27.85574,79.91809,27.83532416,79.82898242
shamli,29.44477,77.31707,29.45904719,77.28613941
shravasti,27.72125278,81.89989886,27.74017601,81.91016408
siddharthnagar,27.27337711,82.86332706,27.27764222,82.82096874
sitapur,27.56192,80.68265,27.53735387,80.89898827
sonbhadra,24.42203777,83.0622628,24.46231416,82.99178203
sultanpur,26.25824,82.0681,26.30414249,82.12749137
unnao,26.54706,80.48781,26.58068342,80.54315306
varanasi,25.33285,82.99658,25.35857514,82.94946381
almora,29.59681,79.65171,29.82095235,79.29020815
bageshwar,29.83572,79.77163,30.00402725,79.87413514
chamoli,30.49008282,79.57608479,30.29935034,79.55965223
champawat,29.33587,80.09072,29.28367316,80.05245716
dehradun,30.3097,78.0489,30.47241903,77.88211116
haridwar,29.94791,78.16025,29.89356428,78.01884691
nainital,29.39368,79.45178,29.28501485,79.46969668
pauri garhwal,29.87719326,78.76644127,29.87499452,78.83757261
pithoragarh,29.58519,80.21629,30.08746426,80.36551654
rudraprayag,30.28455,78.97742,30.48601622,79.06347052
tehri garhwal,30.43443606,78.53746063,30.30560619,78.56676672
udham singh nagar,29.03757377,79.48406367,28.96634709,79.51605876
uttarkashi,30.96856141,78.60750573,30.934521,78.47450276
alipurduar,26.51644,89.53307,26.70825026,89.47352577
bankura,23.23241,87.0716,23.16988742,87.06104738
birbhum,23.95371749,87.66553993,23.84548399,87.61760253
dakshin dinajpur,25.36649512,88.57396563,25.3770915,88.55686898
darjiling,27.03937,88.26382,26.8384514,88.28435007
hooghly,22.90877,88.39674,22.90192756,88.24576954
howrah,22.59631,88.25608,22.5661243,88.05063023
jalpaiguri,26.51667,88.73333,26.70217062,88.71020447
jhargram,22.44972,86.99701,22.31090823,86.98276666
kalimpong,27.067,88.47008,27.03145064,88.59585647
koch bihar,26.31962,89.45454,26.32886803,89.32234677
kolkata,22.57059,88.37133,22.57928231,88.36388955
maldah,25.0202,88.1515,25.18476838,88.24611295
murshidabad,24.17609,88.27296,24.23492692,88.24576959
nadia,23.4747023,88.51618107,23.47692725,88.55618226
north twenty four parganas,22.73015401,88.72582356,22.71572648,88.71089096
paschim bardhaman,23.65761568,87.16823949,23.69517408,87.18250881
paschim medinipur,22.43995267,87.41690716,22.50996458,87.4597049
purba bardhaman,23.35721277,87.95205357,23.27857679,87.93244491
purba medinipur,22.03252778,87.77965662,21.9406266,87.77616027
purulia,23.33298,86.36696,23.25328426,86.49964918
south twenty four parganas,22.05604834,88.55363937,22.14174099,88.55480892
uttar dinajpur,25.9403233,87.9870475,25.98657112,88.05063036
