state_name,district_name,hh_demanded,persons_demanded,hh_offered,persons_offered,hh_worked,persons_worked,total_persondays,jobcards_sc,jobcards_st,jobcards_total,unmet_demand_hh,fulfillment_rate,vulnerability_tier
ANDAMAN AND NICOBAR,NICOBARS,32,38,32,38,32,38,1680,0,8444,12004,0,1.0,Low
ANDAMAN AND NICOBAR,NORTH AND MIDDLE ANDAMAN,2832,3340,2778,3276,1990,2306,31498,0,0,36638,842,0.702683615819209,High
ANDAMAN AND NICOBAR,SOUTH ANDAMAN,560,598,560,598,438,464,4502,0,0,20152,122,0.7821428571428571,Medium
ANDHRA PRADESH,ALLURI SITHARAMA RAJU,404366,733566,404184,733164,378444,665238,18282580,12300,432854,481498,25922,0.935894709248552,Low
ANDHRA PRADESH,ANAKAPALLI,410916,614954,410698,614608,389028,560352,17719882,47570,19376,554912,21888,0.9467336389919108,Low
ANDHRA PRADESH,ANANTAPUR,383756,678070,383560,677636,345474,584142,13730336,111110,20114,608916,38282,0.9002439049812901,Low
ANDHRA PRADESH,ANNAMAYYA,258218,388704,257950,388224,230836,335898,9935798,89112,18736,482584,27382,0.8939578185873951,Medium
ANDHRA PRADESH,BAPATLA,339100,594364,338930,593982,312528,531650,10299682,164650,21580,517176,26572,0.9216396343261575,Low
ANDHRA PRADESH,CHITTOOR,204124,308868,203638,307946,171018,245492,5344442,136168,17224,502334,33106,0.8378142697575983,Medium
ANDHRA PRADESH,EAST GODAVARI,174192,235030,174032,234732,159378,207940,5868538,105294,4560,357080,14814,0.9149559107192063,Low
ANDHRA PRADESH,ELURU,500890,835512,500690,835064,462790,743476,17701384,242730,61350,742424,38100,0.9239353949969055,Low
ANDHRA PRADESH,GUNTUR,138770,231070,138546,230696,122136,195406,4076202,101172,8620,249742,16634,0.880132593500036,Medium
ANDHRA PRADESH,KAKINADA,300914,435534,300774,435238,273282,379802,8621690,126264,11664,554428,27632,0.9081730992908272,Low
ANDHRA PRADESH,KONASEEMA,246768,356072,246702,355962,231668,324038,8427610,174890,3928,445656,15100,0.9388089217402581,Low
ANDHRA PRADESH,KRISHNA,293400,511526,293232,511186,276906,474478,11605274,146062,7978,421354,16494,0.9437832310838445,Low
ANDHRA PRADESH,KURNOOL,365158,645160,364896,644662,330988,561832,8914498,122168,7956,636512,34170,0.9064240684854228,Low
ANDHRA PRADESH,NANDYAL,323278,566212,323034,565796,285782,476274,8982802,128886,17414,497746,37496,0.8840131403930982,Medium
ANDHRA PRADESH,NELLORE,350170,527752,348686,525442,288306,403334,7449028,181402,49134,662160,61864,0.8233315246880086,Medium
ANDHRA PRADESH,NTR,287412,486772,287310,486584,275128,454986,11818520,145852,27422,401114,12284,0.9572599613098965,Low
ANDHRA PRADESH,PALNADU,415272,725050,414214,723058,347422,583278,10926020,156110,57410,642370,67850,0.8366131114064999,Medium
ANDHRA PRADESH,PARVATHIPURAM MANYAM,350740,607316,350698,607138,341446,577106,19727634,53414,140812,415688,9294,0.9735017391800194,Low
ANDHRA PRADESH,PRAKASAM,614156,1093806,613196,1091944,529062,896990,20496782,235720,29886,868460,85094,0.8614456261926937,Medium
ANDHRA PRADESH,SRI SATHYA SAI,320502,569212,319968,568132,242420,405440,8930676,73840,28208,516802,78082,0.7563759352515741,Medium
ANDHRA PRADESH,SRIKAKULAM,668580,1000046,668282,999374,639862,918496,29999066,76270,42692,857102,28718,0.9570462771844805,Low
ANDHRA PRADESH,TIRUPATI,299110,455014,298964,454692,256294,365788,8676760,193068,47480,527424,42816,0.8568553375012538,Medium
ANDHRA PRADESH,VISAKHAPATANAM,53476,77090,53440,77032,50586,69350,2171076,6020,574,71274,2890,0.9459570648515222,Low
ANDHRA PRADESH,VIZIANAGARAM,620836,961068,620714,960680,599430,890318,26793826,87890,19994,763798,21406,0.9655206850118228,Low
ANDHRA PRADESH,WEST GODAVARI,202926,300704,202842,300510,187444,268514,5739094,90374,2738,356080,15482,0.9237061786069799,Low
ANDHRA PRADESH,Y.S.R,295570,487734,295498,487542,273030,430224,11644236,93090,6600,443916,22540,0.9237405690699326,Low
ARUNACHAL PRADESH,ANJAW,0,0,0,0,0,0,0,16,16916,17234,0,1.0,Low
ARUNACHAL PRADESH,CHANGLANG,1272,1276,1272,1276,1268,1270,24872,2,25868,32242,4,0.9968553459119497,Low
ARUNACHAL PRADESH,EAST KAMENG,12678,12682,12674,12676,9044,9044,178504,4,66900,66998,3634,0.7133617289793343,High
ARUNACHAL PRADESH,EAST SIANG,3336,3340,3336,3340,444,444,6168,2,18266,18304,2892,0.13309352517985612,High
ARUNACHAL PRADESH,KAMLE,7458,7462,7458,7462,2486,2486,39776,20,30804,30970,4972,0.3333333333333333,High
ARUNACHAL PRADESH,KRA-DAADI,19762,19776,19762,19776,9772,9772,132824,0,45078,45114,9990,0.4944843639307762,High
ARUNACHAL PRADESH,KURUNG KUMEY,32300,32354,32298,32350,25760,25774,491320,26,43912,43994,6540,0.7975232198142415,Medium
ARUNACHAL PRADESH,LEPARADA,960,1188,960,1188,960,1188,16268,0,9152,9170,0,1.0,Low
ARUNACHAL PRADESH,LOHIT,0,0,0,0,0,0,0,0,9632,10604,0,1.0,Low
ARUNACHAL PRADESH,LONGDING,3572,4024,3150,3532,582,584,7288,0,21258,21286,2990,0.1629339305711086,High
ARUNACHAL PRADESH,LOWER DIBANG VALLEY,1434,1434,1434,1434,1364,1364,26528,0,22196,23880,70,0.9511854951185496,Low
ARUNACHAL PRADESH,LOWER SIANG,458,542,458,542,180,216,3268,0,10244,10294,278,0.3930131004366812,High
ARUNACHAL PRADESH,LOWER SUBANSIRI,2602,2752,2528,2678,2442,2560,50154,0,32500,32538,160,0.9385088393543428,Low
ARUNACHAL PRADESH,NAMSAI,170,170,170,170,0,0,0,6,12028,34412,170,0.0,High
ARUNACHAL PRADESH,PAKKE KESSANG,11806,11812,11806,11812,11622,11628,446118,4,14718,14752,184,0.9844147043875995,Low
ARUNACHAL PRADESH,PAPUM PARE,30040,30052,30040,30050,26748,26756,467474,8,51260,52556,3292,0.8904127829560586,Medium
ARUNACHAL PRADESH,SHI YOMI,1172,1404,1172,1404,616,714,10468,0,6488,6490,556,0.5255972696245734,High
ARUNACHAL PRADESH,SIANG,4808,5102,4696,4990,2348,2548,43870,4,16928,16936,2460,0.48835274542429286,High
ARUNACHAL PRADESH,TAWANG,8000,8030,7998,8028,7360,7366,173594,6,18666,18720,640,0.92,Low
ARUNACHAL PRADESH,TIRAP,8428,8526,8428,8526,6896,6938,97508,6,33292,33340,1532,0.8182249644043664,Medium
ARUNACHAL PRADESH,UPPER DIBANG VALLEY,1086,1136,1084,1134,1054,1104,11046,14,5446,5666,32,0.9705340699815838,Low
ARUNACHAL PRADESH,UPPER SIANG,0,0,0,0,0,0,0,0,15846,15868,0,1.0,Low
ARUNACHAL PRADESH,UPPER SUBANSIRI,12680,12680,12060,12060,11458,11458,114568,42,61680,61832,1222,0.9036277602523659,Low
ARUNACHAL PRADESH,WEST KAMENG,982,982,982,982,840,840,3440,0,22700,22740,142,0.8553971486761711,Medium
ARUNACHAL PRADESH,WEST SIANG,1570,1812,1570,1812,408,470,5582,2,14616,14624,1162,0.25987261146496815,High
ASSAM,BAJALI,18842,28878,18780,28760,16864,24482,433846,3310,4232,119448,1978,0.8950217598981,Medium
ASSAM,BAKSA,73662,88240,73536,88026,66798,78010,1517120,15468,140240,337168,6864,0.9068176264559746,Low
ASSAM,BARPETA,52874,75800,52712,75518,43804,60588,956632,14010,2598,570928,9070,0.828460112720808,Medium
ASSAM,BONGAIGAON,21924,31244,21898,31210,18362,25118,329156,17190,4190,292054,3562,0.8375296478744755,Medium
ASSAM,Biswanath,73986,104924,73870,104700,62272,85204,1401490,24226,58102,351360,11714,0.8416727488984402,Medium
ASSAM,CACHAR,31618,34412,31390,34150,24014,25616,500520,42544,7592,638318,7604,0.7595040799544563,Medium
ASSAM,CHARAIDEO,18304,22410,18278,22368,15702,18936,280320,2458,3878,160148,2602,0.8578452797202797,Medium
ASSAM,CHIRANG,23448,32204,23248,31874,20646,27842,552532,17946,111812,268452,2802,0.8805015353121801,Medium
ASSAM,DARRANG,97906,152856,97850,152736,87938,131774,2033724,12530,1880,435428,9968,0.8981880579331195,Medium
ASSAM,DHEMAJI,124090,198240,124062,198130,108574,163050,2448154,18580,159124,352988,15516,0.8749617213312918,Medium
ASSAM,DHUBRI,90118,125448,90082,125348,77372,104660,1428068,4394,512,622316,12746,0.8585632171153377,Medium
ASSAM,DIBRUGARH,62428,79912,62392,79830,52198,66066,851554,13256,35440,416770,10230,0.8361312231690908,Medium
ASSAM,Dima Hasao,5596,7560,5580,7520,3516,4412,84404,1414,59592,67286,2080,0.6283059328091494,High
ASSAM,GOALPARA,59354,84664,59256,84492,52962,73960,1196934,14118,89970,383806,6392,0.8923071739057182,Medium
ASSAM,GOLAGHAT,56852,76252,56802,76148,49572,64826,1005580,21552,42346,420554,7280,0.8719482164215858,Medium
ASSAM,HAILAKANDI,83152,109992,82958,109724,58242,74770,1114364,24476,5954,313048,24910,0.7004281316143929,High
ASSAM,HOJAI,43126,56508,42776,56028,35274,45424,655882,29942,8622,282426,7852,0.8179288596206464,Medium
ASSAM,JORHAT,65456,74726,65298,74478,52168,58108,797440,19190,21142,335664,13288,0.7969934001466634,Medium
ASSAM,KAMRUP,79380,106358,79318,106228,69428,91080,1466368,40158,79600,656466,9952,0.8746283698664651,Medium
ASSAM,KAMRUP (METRO),5936,7536,5918,7506,5248,6460,157280,18952,23196,99556,688,0.8840970350404312,Medium
ASSAM,KARBI ANGLONG,75042,90810,74980,90726,60924,72306,1665190,13324,208288,288380,14118,0.8118653554009755,Medium
ASSAM,KARIMGANJ,50758,59380,50712,59332,41572,47834,597100,56974,4686,464518,9186,0.8190236021907876,Medium
ASSAM,KOKRAJHAR,97494,141678,97478,141652,83224,117136,1930536,9938,167746,490438,14270,0.8536320183806183,Medium
ASSAM,LAKHIMPUR,69586,109108,69524,108970,60658,90422,1151786,24966,114310,479604,8928,0.8716983301238755,Medium
ASSAM,MAJULI,25682,39158,25660,39114,21078,30954,401960,8266,31164,67974,4604,0.8207304727046181,Medium
ASSAM,Morigaon,61454,87000,61296,86686,53740,74090,941386,43284,54462,426386,7714,0.8744752172356559,Medium
ASSAM,NAGAON,128326,174410,128238,174248,114306,153898,2076564,30168,21284,640752,14020,0.8907470037248881,Medium
ASSAM,NALBARI,45056,65890,44996,65768,36926,52944,726146,11196,6750,340030,8130,0.8195578835227273,Medium
ASSAM,SIVASAGAR,53646,73784,53504,73576,46502,62608,772224,11780,16388,246676,7144,0.8668307049919844,Medium
ASSAM,SONITPUR,73868,83076,73700,82860,60600,67230,1087372,14978,22740,467420,13268,0.8203823035685276,Medium
ASSAM,SOUTH SALMARA-MANKACHAR,36826,42828,36508,42392,28116,31720,434012,2934,1508,256120,8710,0.7634823222723076,Medium
ASSAM,TAMULPUR,29870,40354,29780,40232,23342,30276,430198,30502,78104,217618,6528,0.7814529628389688,Medium
ASSAM,TINSUKIA,39856,48762,39770,48634,32396,38948,485654,6392,28206,430772,7460,0.812826174227218,Medium
ASSAM,UDALGURI,105352,146446,105196,146110,84626,109994,1983718,18900,154192,430488,20726,0.8032690409294555,Medium
ASSAM,WEST KARBI ANGLONG,9282,11702,9282,11702,7998,9666,164350,3264,79030,108810,1284,0.8616677440206852,Medium
BIHAR,ARARIA,202842,244986,202688,244796,155430,181160,4401318,107734,12062,845772,47412,0.7662614251486378,Medium
BIHAR,ARWAL,83590,90802,83560,90766,66088,70816,1918976,34178,1252,241262,17502,0.7906208876659887,Medium
BIHAR,AURANAGABAD,242892,270510,242838,270432,199750,219544,6934338,261432,6198,810720,43142,0.8223819640004612,Medium
BIHAR,BANKA,158610,182886,158384,182604,130744,147682,4316056,93994,33686,636272,27866,0.8243112035811109,Medium
BIHAR,BEGUSARAI,131772,143892,131598,143686,99688,106778,2784630,88400,930,600498,32084,0.7565188355644599,Medium
BIHAR,BHAGALPUR,160976,182668,160720,182358,132246,148082,4067016,78196,21638,638880,28730,0.8215261902395388,Medium
BIHAR,BHOJPUR,128880,141114,128634,140836,109148,118486,3320566,118268,7404,590182,19732,0.8468963376784606,Medium
BIHAR,BUXAR,146460,152814,146322,152668,123124,127912,4168712,104810,12088,428214,23336,0.8406663935545542,Medium
BIHAR,DARBHANGA,309408,332840,309100,332514,236582,251720,7317010,182680,2250,1062492,72826,0.764627934636467,Medium
BIHAR,GAYA,403170,423824,402780,423410,347112,362610,10543778,464326,9340,1284540,56058,0.8609569164372349,Medium
BIHAR,GOPALGANJ,121606,131994,121324,131654,98386,105058,3071912,74362,18814,495080,23220,0.8090554742364686,Medium
BIHAR,JAMUI,289958,344416,289922,344370,262070,307074,8828688,150212,40004,713184,27888,0.9038205533215156,Low
BIHAR,JEHANABAD,117992,146056,117990,146052,106168,128526,4808804,77770,2322,268300,11824,0.8997898162587294,Medium
BIHAR,KAIMUR (BHABUA),141258,163698,141166,163592,115098,130770,3743852,125738,20588,460380,26160,0.81480694898696,Medium
BIHAR,KATIHAR,290864,333342,290698,333112,237424,267552,6717334,105286,42030,915942,53440,0.8162715220859234,Medium
BIHAR,KHAGARIA,72276,74688,72222,74628,52918,54278,1384828,61560,774,355462,19358,0.732165587470253,High
BIHAR,KISHANGANJ,179320,194032,179222,193898,150356,161418,4224932,48560,17920,563042,28964,0.8384786973009146,Medium
BIHAR,LAKHISARAI,115194,125098,115120,125016,97962,105758,3570926,58752,5410,326154,17232,0.8504088754622636,Medium
BIHAR,MADHEPURA,145904,171268,145744,171060,112494,128748,3388412,123324,5744,656060,33410,0.771013817304529,Medium
BIHAR,MADHUBANI,235360,263628,235102,263332,163586,178352,4767630,160056,3330,1024320,71774,0.6950458871515975,High
BIHAR,MUNGER,163318,178810,163260,178738,138306,149310,5312576,42942,9988,365642,25012,0.8468509288627095,Medium
BIHAR,MUZAFFARPUR,301778,346802,301674,346670,250620,282840,8998538,158116,8292,964860,51158,0.8304780335213302,Medium
BIHAR,NALANDA,267772,295330,267730,295270,225682,245278,9037172,187636,1434,675018,42090,0.8428140358215198,Medium
BIHAR,NAWADA,275732,282176,275696,282136,230634,235366,7484690,211446,6962,725462,45098,0.8364426327013187,Medium
BIHAR,PASHCHIM CHAMPARAN,232558,270902,232068,270234,177656,202522,5051196,103632,66220,952164,54902,0.763921258352755,Medium
BIHAR,PATNA,173560,182254,173296,181972,150384,157046,5396828,143560,4260,737858,23176,0.866466927863563,Medium
BIHAR,PURBI CHAMPARAN,394042,429198,393204,428266,304634,327628,8670416,243730,20250,1505434,89408,0.77310032940651,Medium
BIHAR,PURNIA,231786,268456,231494,268096,193820,220650,5487728,114536,25748,900230,37966,0.8362023590725928,Medium
BIHAR,ROHTAS,191406,212728,191238,212536,158566,173792,5422200,167812,11392,655958,32840,0.8284275310073874,Medium
BIHAR,SAHARSA,394702,451232,394548,451048,345740,389720,11997308,117878,2536,773658,48962,0.8759519840284569,Medium
BIHAR,SAMASTIPUR,292170,310548,290872,309130,205930,216642,5203620,279840,5574,1346446,86240,0.704829380155389,High
BIHAR,SARAN,249596,251022,249336,250760,183950,184808,5642502,159540,15612,1058256,65646,0.7369909774195099,High
BIHAR,SHEOHAR,64906,80682,64862,80616,45812,55726,1440382,26252,186,191008,19094,0.7058207253566696,High
BIHAR,SITAMARHI,233258,264204,232672,263482,183460,204030,5895670,211056,6908,951526,49798,0.7865110735751828,Medium
BIHAR,SIWAN,162600,169560,162438,169376,117396,121066,4074626,98290,31692,598094,45204,0.7219926199261992,High
BIHAR,SUPAUL,141598,177048,141498,176920,115782,141406,3601982,212420,4646,677424,25816,0.8176810406926651,Medium
BIHAR,Sheikhpura,53482,56426,53470,56406,46500,48758,1504988,39936,682,172484,6982,0.8694514042107625,Medium
BIHAR,VAISHALI,250876,256758,250334,256200,183772,187084,5873910,185738,5206,873932,67104,0.7325212455555733,High
CHHATTISGARH,BALOD,245324,351332,245296,351188,230720,305800,7223760,21452,92826,301688,14604,0.9404705613800525,Low
CHHATTISGARH,BALODA BAZAR,252244,555716,252210,555614,225294,457840,7957428,69278,54646,379854,26950,0.8931590047731561,Medium
CHHATTISGARH,BALRAMPUR,147406,246632,147358,246566,103040,158970,3758270,7358,131292,242624,44366,0.6990217494538893,High
CHHATTISGARH,BASTAR,70698,107974,70700,107976,60522,88532,2314898,3300,118976,182798,10176,0.8560638207587202,Medium
CHHATTISGARH,BEMETARA,166202,328958,166180,328882,134334,244282,5474046,31704,8696,267658,31868,0.8082574216916764,Medium
CHHATTISGARH,BIJAPUR,41302,76318,41260,76238,36562,63816,1276064,3538,60002,80720,4740,0.8852355818120188,Medium
CHHATTISGARH,BILASPUR,196240,334492,196208,334446,165078,269038,7288650,55482,60170,312178,31162,0.8412046473705667,Medium
CHHATTISGARH,DANTEWADA,33478,54688,33428,54590,28284,43620,1020428,2226,55974,72714,5194,0.8448533365195053,Medium
CHHATTISGARH,DHAMTARI,249216,450068,249216,450044,233218,393648,5727008,18260,89374,309532,15998,0.9358066897791474,Low
CHHATTISGARH,DURG,184282,265570,184272,265536,170644,228480,5868672,24792,13200,222340,13638,0.9259938572405335,Low
CHHATTISGARH,GARIYABAND,210426,424220,210406,424150,194652,374712,6782724,24224,106050,287564,15774,0.9250377805024094,Low
CHHATTISGARH,GAURELA PENDRA MARWAHI,88636,151932,88626,151912,78220,129858,3452926,7772,81266,130206,10416,0.8824856717360892,Medium
CHHATTISGARH,JANJGIR-CHAMPA,151448,304564,151400,304412,114194,208646,4402720,59024,21910,239126,37254,0.7540145792615287,Medium
CHHATTISGARH,JASHPUR,162020,273032,161998,272992,131744,212204,5365710,11814,151326,290682,30276,0.8131341809653129,Medium
CHHATTISGARH,KANKER,163956,274542,163914,274444,143650,228394,5536740,9930,143400,250710,20306,0.8761496986996511,Medium
CHHATTISGARH,KAWARDHA,292294,637294,292274,637220,263294,542514,11018524,38900,75796,368678,29000,0.9007848262365974,Low
CHHATTISGARH,KHAIRAGARH CHHUIKHADAN GANDAI,118234,216760,118222,216722,108620,188608,3907788,12094,21790,152182,9614,0.9186866721924319,Low
CHHATTISGARH,KONDAGAON,90514,167826,90500,167750,78386,138210,2785828,6892,136134,184754,12128,0.8660096780608525,Medium
CHHATTISGARH,KORBA,151212,266260,151192,266192,126896,212532,5224702,14094,112226,228716,24316,0.8391926566674602,Medium
CHHATTISGARH,KOREA,54146,83734,54144,83734,47622,71528,1768238,3084,28820,81478,6524,0.8795109518708677,Medium
CHHATTISGARH,MAHASAMUND,211658,407086,211638,407016,183652,340920,7252412,35006,81572,324554,28006,0.8676827712630754,Medium
CHHATTISGARH,MANENDRAGARH CHIRMIRI BHARATPUR,110264,172044,110264,172046,99504,152392,3322702,6950,93352,159442,10760,0.9024160197344555,Low
CHHATTISGARH,MOHLA MANPUR AMBAGARH CHOWKI,96794,168224,96724,168072,87184,143078,2563720,6144,58974,121424,9610,0.9007169865900779,Low
CHHATTISGARH,MUNGELI,177092,344638,177044,344520,124004,227406,5791360,56360,21638,247288,53088,0.7002236125855488,High
CHHATTISGARH,NARAYANPUR,18350,35032,18352,35032,13456,22778,454076,958,38942,45948,4894,0.7332970027247956,High
CHHATTISGARH,RAIGARH,123968,203958,123832,203640,101646,160126,3745636,21866,111056,235938,22322,0.819937403200826,Medium
CHHATTISGARH,RAIPUR,213980,415948,213954,415868,171718,277538,6635462,44982,11746,268422,42262,0.8024955603327414,Medium
CHHATTISGARH,RAJNANDAGON,230386,329730,230366,329576,215796,283202,7236080,17846,46902,265310,14590,0.9366714991362323,Low
CHHATTISGARH,SAKTI,134516,268028,134462,267822,113168,210060,3819420,54742,36738,216092,21348,0.8412976894941866,Medium
CHHATTISGARH,SARANGARH BILAIGARH,146394,285612,146310,285442,128898,238960,5319704,63716,31140,238180,17496,0.8804869052010328,Medium
CHHATTISGARH,SUKMA,37460,62332,37416,62260,27400,41710,1005560,1028,70482,83114,10060,0.7314468766684463,High
CHHATTISGARH,SURAJPUR,175158,282062,175142,282034,141238,220124,4875716,10446,116846,252288,33920,0.8063462702245973,Medium
CHHATTISGARH,SURGUJA,128724,213410,128664,213308,78904,119350,2518734,8732,128766,227694,49820,0.6129703862527578,High
DN HAVELI AND DD,DADRA AND NAGAR HAVELI,3632,7812,3630,7808,3630,7800,158270,8,11230,11532,2,0.9994493392070485,Low
GOA,NORTH GOA,1384,1416,1324,1356,1240,1270,18288,1414,2240,39484,144,0.8959537572254336,Medium
GOA,SOUTH GOA,1066,1116,1058,1108,1058,1108,14800,230,19170,32348,8,0.9924953095684803,Low
GUJARAT,AHMADABAD,11870,21012,11836,20930,10374,18510,560212,14738,3864,155718,1496,0.8739679865206402,Medium
GUJARAT,AMRELI,19154,44228,19142,44212,15104,34000,697700,36984,740,219306,4050,0.7885559152135324,Medium
GUJARAT,ANAND,16844,23356,16800,23300,13468,17926,375846,5548,1212,114368,3376,0.7995725480883401,Medium
GUJARAT,ARVALLI,97430,148932,97368,148854,89692,136438,4232608,14682,89858,291602,7738,0.9205788771425639,Low
GUJARAT,BANAS KANTHA,66466,92480,66258,92196,48242,63908,1625240,59200,39932,354846,18224,0.7258147022537839,High
GUJARAT,BHARUCH,11896,16656,11788,16518,9936,13668,266910,11848,169004,242496,1960,0.8352387357094821,Medium
GUJARAT,BHAVNAGAR,32632,70104,32578,70012,24742,52670,1072708,7262,816,179456,7890,0.758212797254229,Medium
GUJARAT,Botad,9980,20146,9970,20116,8554,16852,243938,4212,120,104686,1426,0.8571142284569139,Medium
GUJARAT,Chhotaudepur,29086,37726,28938,37508,22334,28544,783504,12426,349086,428666,6752,0.7678608265144743,Medium
GUJARAT,DANG,32428,48664,32394,48600,29632,43856,999542,178,92632,95238,2796,0.9137782163562354,Low
GUJARAT,DEVBHUMI DWARKA,5634,8642,5624,8630,3408,4898,92176,6270,2094,94840,2226,0.6048988285410011,High
GUJARAT,DOHAD,274284,366680,274136,366448,244030,318040,10008438,9920,773738,1120074,30254,0.8896982689475142,Medium
GUJARAT,GANDHINAGAR,6034,7186,6018,7168,4716,5602,105962,2036,70,65206,1318,0.7815710971163408,Medium
GUJARAT,GIR SOMNATH,15786,34610,15768,34576,10990,21488,331146,9310,1766,94034,4796,0.696186494362093,High
GUJARAT,JAMNAGAR,11918,20608,11908,20594,10112,17114,412106,11140,642,89164,1806,0.848464507467696,Medium
GUJARAT,JUNAGADH,15946,30676,15932,30624,12292,22782,428610,38966,11028,227284,3654,0.7708516242317822,Medium
GUJARAT,KACHCHH,17108,23780,17098,23766,11620,15658,363462,10854,432,154506,5488,0.679214402618658,High
GUJARAT,KHEDA,15538,20566,15480,20476,13690,17694,439824,5690,1500,277638,1848,0.8810657742309177,Medium
GUJARAT,MAHESANA,21298,26220,21256,26170,19096,23394,712626,18642,272,187188,2202,0.8966100103296084,Medium
GUJARAT,MAHISAGAR,54732,83248,54644,83110,49604,74720,1699142,13414,118088,316910,5128,0.9063070963969889,Low
GUJARAT,Morbi,6084,10108,6084,10108,4960,7946,182354,3822,204,62982,1124,0.8152531229454306,Medium
GUJARAT,NARMADA,123678,197784,123672,197772,111494,174104,2736802,4622,197480,221272,12184,0.9014861171752454,Low
GUJARAT,NAVSARI,56354,62736,56270,62610,45606,50068,806202,3114,207564,277840,10748,0.809277069950669,Medium
GUJARAT,PANCH MAHALS,110710,155300,110378,154860,92592,128064,3837618,19262,103754,540732,18118,0.8363472134405203,Medium
GUJARAT,PATAN,27536,45776,27512,45734,22874,36544,757168,46082,10748,438680,4662,0.8306943637420104,Medium
GUJARAT,PORBANDAR,8862,14142,8862,14142,7390,11258,355356,8852,2466,67848,1472,0.8338975400586774,Medium
GUJARAT,RAJKOT,9740,18464,9716,18438,8318,15382,265208,12974,1166,221648,1422,0.8540041067761807,Medium
GUJARAT,SABAR KANTHA,58254,85898,58052,85542,48318,68614,1545418,38566,116010,322022,9936,0.8294366052116593,Medium
GUJARAT,SURAT,48524,67064,48464,66992,44816,61764,1515860,8858,321262,367466,3708,0.9235842057538538,Low
GUJARAT,SURENDRANAGAR,20220,31160,20210,31146,17760,27056,639884,9106,7500,174482,2460,0.8783382789317508,Medium
GUJARAT,TAPI,47384,64336,47142,64030,40970,54956,990642,3664,374652,403200,6414,0.8646378524396421,Medium
GUJARAT,VADODARA,8536,11256,8466,11154,7374,9524,245090,27008,62718,248822,1162,0.8638706654170571,Medium
GUJARAT,VALSAD,41656,53630,41558,53478,35698,45112,943382,9396,374940,443126,5958,0.8569713846744766,Medium
HARYANA,AMBALA,4108,4748,4108,4748,2984,3356,40146,38606,0,73268,1124,0.7263875365141188,High
HARYANA,BHIWANI,29578,38860,29576,38856,19442,24536,298486,70812,0,172070,10136,0.6573128676719183,High
HARYANA,CHARKI DADRI,4888,6044,4888,6040,4122,5054,65052,22324,0,61310,766,0.8432896890343698,Medium
HARYANA,FARIDABAD,820,980,820,980,390,506,8336,4074,0,13694,430,0.47560975609756095,High
HARYANA,FATEHABAD,72500,116278,72492,116254,52474,76522,722104,85668,0,149136,20026,0.7237793103448276,High
HARYANA,GURUGRAM,1342,1444,1342,1444,1048,1126,31570,11754,0,24856,294,0.7809239940387481,Medium
HARYANA,HISAR,88610,125510,88574,125446,63732,84930,972326,110464,0,238316,24878,0.7192416205845842,High
HARYANA,JHAJJAR,7584,8928,7584,8928,5720,6692,99948,48160,0,127532,1864,0.7542194092827004,Medium
HARYANA,JIND,43424,55624,43370,55524,31416,38142,433348,62358,0,134034,12008,0.7234708916728076,High
HARYANA,KAITHAL,40030,53502,39942,53366,18810,24058,221422,56498,0,137794,21220,0.469897576817387,High
HARYANA,KARNAL,32898,43404,32856,43352,14018,17628,195950,89276,0,181448,18880,0.42610493039090525,High
HARYANA,KURUKSHETRA,20070,27762,20002,27662,13010,16986,251916,41180,0,126318,7060,0.6482311908320877,High
HARYANA,MAHENDRAGARH,5260,6408,5260,6408,3334,4046,64484,30332,0,128698,1926,0.6338403041825095,High
HARYANA,MEWAT,16830,20124,16464,19734,11274,13276,240272,8618,0,297934,5556,0.6698752228163993,High
HARYANA,PALWAL,3908,4890,3868,4836,2590,3182,63696,14234,0,76850,1318,0.6627430910951894,High
HARYANA,PANCHKULA,3962,4450,3962,4448,3082,3430,65488,7046,0,31426,880,0.7778899545683998,Medium
HARYANA,PANIPAT,14528,19216,14522,19206,9450,11926,172052,36964,0,85050,5078,0.6504680616740088,High
HARYANA,REWARI,3408,4110,3408,4110,2180,2534,37330,39608,0,79816,1228,0.6396713615023474,High
HARYANA,ROHTAK,14452,18626,14452,18626,5992,7330,77082,37726,0,83358,8460,0.4146138942706892,High
HARYANA,SIRSA,51566,73058,51400,72830,24702,32702,188912,134006,0,246028,26864,0.4790365744870651,High
HARYANA,SONIPAT,11666,15298,11666,15296,7556,9514,138850,37360,0,87994,4110,0.6476941539516544,High
HARYANA,YAMUNANAGAR,4550,5942,4546,5930,3646,4694,92240,38548,0,94410,904,0.8013186813186813,Medium
HIMACHAL PRADESH,BILASPUR,40530,54800,40512,54770,33260,44228,1070828,42322,4700,181110,7270,0.8206266962743647,Medium
HIMACHAL PRADESH,CHAMBA,147282,194970,147212,194880,121712,156846,3384638,53366,70316,281292,25570,0.8263874743688978,Medium
HIMACHAL PRADESH,HAMIRPUR,49248,58926,49242,58916,39968,47430,970308,51610,2054,231734,9280,0.8115659519168291,Medium
HIMACHAL PRADESH,KANGRA,110720,125912,110616,125776,81194,91110,1530818,128126,35716,597286,29526,0.7333273121387284,High
HIMACHAL PRADESH,KINNAUR,18878,23474,18878,23474,16456,19858,403650,14152,25694,40872,2422,0.8717025108592011,Medium
HIMACHAL PRADESH,KULLU,90918,148178,90702,147768,77822,122472,2263690,58776,4760,197388,13096,0.8559581161046218,Medium
HIMACHAL PRADESH,LAHUL AND SPITI,2670,3500,2610,3418,2060,2642,41286,1102,12022,13132,610,0.7715355805243446,Medium
HIMACHAL PRADESH,MANDI,285608,388328,285548,388232,247856,329644,7118816,158204,7358,572990,37752,0.8678188286042408,Medium
HIMACHAL PRADESH,SHIMLA,117792,188934,117508,188418,91516,140484,2442090,79206,930,305306,26276,0.7769288236892149,Medium
HIMACHAL PRADESH,SIRMAUR,52750,78282,52676,78156,39160,56310,1112438,63060,3728,192272,13590,0.7423696682464455,High
HIMACHAL PRADESH,SOLAN,31078,43192,31052,43154,23888,32114,675842,62196,5466,180262,7190,0.7686466310573395,Medium
HIMACHAL PRADESH,UNA,31306,34888,31262,34844,21844,24088,388066,40806,3706,158058,9462,0.6977576183479205,High
JAMMU AND KASHMIR,ANANTNAG,31832,47278,31026,46044,14030,20286,324498,74,12088,213208,17802,0.4407514450867052,High
JAMMU AND KASHMIR,BADGAM,22540,25398,22408,25230,7510,8388,105578,160,2800,159050,15030,0.3331854480922804,High
JAMMU AND KASHMIR,BANDIPORA,4172,6164,4150,6120,2684,3966,77462,48,10060,77388,1488,0.6433365292425696,High
JAMMU AND KASHMIR,BARAMULLA,41060,52936,40880,52672,26258,32922,586066,50,6586,201174,14802,0.6395031660983926,High
JAMMU AND KASHMIR,DODA,5500,7826,5464,7764,4840,6750,127938,14974,12428,180936,660,0.88,Medium
JAMMU AND KASHMIR,GANDERBAL,11072,14794,11032,14748,8640,11290,204938,4,13048,72888,2432,0.7803468208092486,Medium
JAMMU AND KASHMIR,JAMMU,28822,32022,28730,31916,22086,24184,488496,50662,10640,170244,6736,0.7662896398584415,Medium
JAMMU AND KASHMIR,KATHUA,20222,25706,20020,25412,15954,19862,345770,30240,11804,135924,4268,0.7889427356344575,Medium
JAMMU AND KASHMIR,KISHTWAR,5152,5340,5064,5250,4314,4458,77940,4406,14914,121072,838,0.8373447204968945,Medium
JAMMU AND KASHMIR,KULGAM,40854,65144,40754,64898,13822,20118,325180,92,2794,110210,27032,0.33832672443334805,High
JAMMU AND KASHMIR,KUPWARA,48078,73072,47820,72644,35538,51494,958902,56,6400,201576,12540,0.7391738425059279,High
JAMMU AND KASHMIR,POONCH,29112,45214,28934,44902,23696,35712,750004,132,53584,169660,5416,0.8139598790876614,Medium
JAMMU AND KASHMIR,PULWAMA,16964,19404,16774,19190,3418,3962,54886,16,5692,105968,13546,0.20148549870313606,High
JAMMU AND KASHMIR,RAJAURI,16862,23770,16762,23628,13984,19238,482248,9340,76416,254822,2878,0.8293203653184675,Medium
JAMMU AND KASHMIR,RAMBAN,19440,29018,19310,28798,14704,20840,422810,3192,8826,102580,4736,0.7563786008230453,Medium
JAMMU AND KASHMIR,REASI,9542,12978,9380,12722,7628,9982,202572,8358,29152,111980,1914,0.7994131209390065,Medium
JAMMU AND KASHMIR,SAMBA,5004,5936,4972,5896,4104,4790,89944,12130,2466,49884,900,0.8201438848920863,Medium
JAMMU AND KASHMIR,SHOPIAN,35892,37444,35582,37118,31010,32158,771852,6,1298,57624,4882,0.863980831383038,Medium
JAMMU AND KASHMIR,SRINAGAR,1232,1496,1216,1474,432,528,5846,0,946,10018,800,0.35064935064935066,High
JAMMU AND KASHMIR,UDHAMPUR,14816,18878,14654,18676,12646,15800,277508,33840,15162,128540,2170,0.853536717062635,Medium
JHARKHAND,BOKARO,109928,126360,109754,126144,86078,96462,2699374,87718,98104,603186,23850,0.783039807874245,Medium
JHARKHAND,CHATRA,188970,212228,188902,212132,165930,184236,4681550,122226,24390,447682,23040,0.8780758850611208,Medium
JHARKHAND,DEOGHAR,187174,207606,187090,207490,163096,177954,5617616,61140,74912,673550,24078,0.8713603385085535,Medium
JHARKHAND,DHANBAD,94606,110016,94220,109550,74382,83782,1815506,63314,82886,537788,20224,0.786229203221783,Medium
JHARKHAND,DUMKA,180234,199736,179616,198944,138166,149184,4518160,26710,196866,550648,42068,0.7665923188743522,Medium
JHARKHAND,EAST SINGHBUM,90714,111908,90432,111574,64248,74360,1431388,20958,237170,478826,26466,0.7082478999933858,High
JHARKHAND,GARHWA,299364,371466,299274,371354,253192,306128,8034768,95008,74654,684744,46172,0.8457663580123195,Medium
JHARKHAND,GIRIDIH,267378,286814,267232,286656,222044,235378,6093828,90012,97732,1045348,45334,0.8304497752245884,Medium
JHARKHAND,GODDA,116236,128550,116052,128348,95322,103714,2910952,25730,101106,508678,20914,0.8200729550225403,Medium
JHARKHAND,GUMLA,104506,121978,104452,121910,86472,97940,2872712,15754,265640,414796,18034,0.8274357453160585,Medium
JHARKHAND,HAZARIBAGH,162400,181620,162246,181430,138502,152078,4186972,104954,43798,613378,23898,0.8528448275862069,Medium
JHARKHAND,JAMTARA,142904,156430,142872,156384,125512,135958,3276384,29088,100344,388494,17392,0.8782959189385882,Medium
JHARKHAND,KHUNTI,45902,55114,45814,54980,37902,43950,1075750,12662,199950,275076,8000,0.8257156550912814,Medium
JHARKHAND,KODERMA,64896,72298,64800,72186,51286,56176,1530202,29388,3418,253190,13610,0.79027983234714,Medium
JHARKHAND,LATEHAR,141306,154762,141280,154726,124136,134726,3277574,49694,115256,338818,17170,0.878490651493921,Medium
JHARKHAND,LOHARDAGA,41788,56724,41780,56704,33550,42462,977126,7712,108338,181174,8238,0.8028620656647841,Medium
JHARKHAND,PAKUR,78704,84340,78684,84320,67080,71166,1983920,10296,154526,391980,11624,0.8523073795486887,Medium
JHARKHAND,PALAMU,163318,195430,162902,194884,123804,144564,3096510,175210,58240,650830,39514,0.7580548378010997,Medium
JHARKHAND,RAMGARH,53818,65704,53764,65628,46864,55594,1615344,18892,62302,225466,6954,0.8707867256308298,Medium
JHARKHAND,RANCHI,129060,155360,128968,155234,108540,126408,3461368,33830,274692,615496,20520,0.8410041841004184,Medium
JHARKHAND,SAHEBGANJ,101414,110004,101298,109872,80794,86592,2235676,23338,163076,534628,20620,0.7966750152838858,Medium
JHARKHAND,SARAIKELA KHARSAWAN,97962,124850,97944,124822,77306,93776,2038694,23574,187834,461016,20656,0.7891427288132132,Medium
JHARKHAND,SIMDEGA,86242,98646,86192,98586,75216,84212,2068076,27662,195874,301826,11026,0.8721504603325526,Medium
JHARKHAND,WEST SINGHBHUM,130992,146066,130852,145888,104818,113704,2760042,17038,480138,672744,26174,0.8001862709173079,Medium
KARNATAKA,BAGALKOTE,184884,323150,182196,316584,143194,239146,3263544,99022,37166,535576,41690,0.7745072586053958,Medium
KARNATAKA,BALLARI,232750,514044,232278,511264,222490,474452,10045208,74088,94534,360502,10260,0.9559183673469388,Low
KARNATAKA,BELAGAVI,439098,656976,436246,650466,379320,544068,10474258,179622,129854,1575260,59778,0.8638618258338685,Medium
KARNATAKA,BENGALURU,1928,3374,1836,3118,1412,2330,30922,33278,3392,116140,516,0.7323651452282157,High
KARNATAKA,BENGALURU RURAL,43396,74342,42242,70916,37676,61742,1147750,51898,12912,234982,5720,0.8681906166466955,Medium
KARNATAKA,BIDAR,213984,338332,212202,333906,189888,291280,5785838,120326,78058,492536,24096,0.8873934499775684,Medium
KARNATAKA,CHAMARAJA NAGARA,93638,149042,92914,146694,80588,123304,1920124,114126,49910,444286,13050,0.8606335034921719,Medium
KARNATAKA,CHIKKABALLAPURA,75518,131062,74134,126160,56748,92988,1278892,110424,62516,443874,18770,0.7514499854339363,Medium
KARNATAKA,CHIKKAMAGALURU,75726,136984,74738,133812,67532,118574,2097042,79002,16106,352058,8194,0.8917940997807886,Medium
KARNATAKA,CHITRADURGA,174584,290316,172496,283770,151050,242702,3753798,143512,130680,653080,23534,0.8651995600971452,Medium
KARNATAKA,DAKSHINA KANNADA,27086,46164,26908,45468,24464,40744,764078,35912,25438,329580,2622,0.9031972236579783,Low
KARNATAKA,DAVANAGERE,102038,179622,100812,176268,86294,145436,2350372,106556,67670,467578,15744,0.8457045414453439,Medium
KARNATAKA,DHARWAR,76534,136618,75458,133484,66174,114328,1691370,29326,21854,338698,10360,0.8646353254762589,Medium
KARNATAKA,GADAG,181560,395602,181072,393108,167926,356034,4656972,60240,25868,327208,13634,0.9249063670411986,Low
KARNATAKA,HASSAN,124698,234146,121902,224746,101276,181078,2552478,106700,9938,559742,23422,0.8121702032109577,Medium
KARNATAKA,HAVERI,159558,305548,157630,299602,131080,240398,4288182,78538,56510,527532,28478,0.8215194474736459,Medium
KARNATAKA,KALABURAGI,316542,557204,313684,547872,263276,440042,5535014,204948,15542,833516,53266,0.8317253318674931,Medium
KARNATAKA,KODAGU,14746,25080,14434,24294,12936,21390,370304,19952,12200,165308,1810,0.8772548487725484,Medium
KARNATAKA,KOLAR,104830,166172,102672,160128,89666,136876,2654232,132686,29230,473692,15164,0.8553467518840027,Medium
KARNATAKA,KOPPAL,362500,771914,361786,768418,335252,686496,9403918,103298,78796,619420,27248,0.9248331034482759,Low
KARNATAKA,MANDYA,86830,131214,85762,127864,68108,97618,1215688,84984,6196,693026,18722,0.7843832776690084,Medium
KARNATAKA,MYSURU,73442,133000,72026,128498,60744,105886,1600894,133018,89112,669782,12698,0.8271016584515672,Medium
KARNATAKA,RAICHUR,460924,922688,459378,915694,423440,829542,13475734,133764,163718,702146,37484,0.9186763978443301,Low
KARNATAKA,RAMANAGARA,94800,155322,93928,152342,80252,127254,2290652,70022,8324,394154,14548,0.8465400843881856,Medium
KARNATAKA,SHIVAMOGGA,136872,243282,136210,240838,114524,191078,2560492,97746,22342,481660,22348,0.8367233619732305,Medium
KARNATAKA,TUMAKURU,136472,239930,134106,231864,111782,187144,2692402,136164,61468,790238,24690,0.8190837680989507,Medium
KARNATAKA,UDUPI,26478,45312,26282,44760,24516,40746,766382,14928,13804,241242,1962,0.9259007477906186,Low
KARNATAKA,UTTARA KANNADA,69824,120658,69474,119708,56886,93578,1412798,27318,12302,399798,12938,0.8147055453712191,Medium
KARNATAKA,VIJAYANAGARA,239538,470870,238904,468338,219978,416790,8207674,113918,87122,455654,19560,0.918342809909075,Low
KARNATAKA,VIJAYPURA,140314,218040,137824,212600,118802,178426,2846144,136558,11214,668866,21512,0.8466867169348746,Medium
KARNATAKA,Yadgir,163730,256356,162806,254212,136674,206172,2778610,113740,57500,530004,27056,0.8347523361631956,Medium
KERALA,ALAPPUZHA,206152,221024,206024,220888,175364,186056,2326750,71208,1428,526728,30788,0.8506538864527144,Medium
KERALA,ERNAKULAM,95846,101796,95778,101722,80342,84728,1105016,78668,4572,534152,15504,0.8382405108194395,Medium
KERALA,IDUKKI,129996,163102,129888,162944,105630,129594,1861294,53140,32822,427434,24366,0.8125634634911844,Medium
KERALA,KANNUR,126330,134178,126154,133994,109668,115494,1887010,17712,18870,496764,16662,0.8681073379244835,Medium
KERALA,KASARGOD,98784,108972,98716,108900,87022,94844,1453200,16930,35366,337838,11762,0.8809321347586654,Medium
KERALA,KOLLAM,217880,235184,217856,235134,192730,206454,2877790,103288,3122,787486,25150,0.8845694877914448,Medium
KERALA,KOTTAYAM,75108,79794,75080,79760,67084,70896,1225438,41676,8356,406738,8024,0.8931671726047824,Medium
KERALA,KOZHIKODE,186326,199344,186194,199186,145038,153698,1587582,61674,6518,678682,41288,0.7784098837521334,Medium
KERALA,MALAPPURAM,118050,130058,118018,130020,104028,113678,2061298,114656,8412,808354,14022,0.8812198221092757,Medium
KERALA,PALAKKAD,209806,229042,209694,228914,177436,191516,2131900,174846,30930,798200,32370,0.845714612546829,Medium
KERALA,PATHANAMTHITTA,67620,73822,67620,73820,55372,59784,752030,58396,3536,315648,12248,0.8188701567583555,Medium
KERALA,THIRUVANANTHAPURAM,266590,286862,266574,286854,228962,243688,3440868,103028,10906,780856,37628,0.8588544206459358,Medium
KERALA,THRISSUR,116552,123028,116436,122900,100386,105186,1751244,142572,3528,689282,16166,0.8612979614249434,Medium
KERALA,WAYANAD,95604,108992,95596,108980,88338,99136,2330364,11276,70354,285366,7266,0.9239989958579139,Low
LADAKH,KARGIL,11522,11532,11516,11526,9474,9476,155174,0,38781,38781,2048,0.8222530810623155,Medium
LADAKH,LEH (LADAKH),2428,3136,2428,3136,1804,2338,36164,0,33764,33768,624,0.742998352553542,High
LAKSHADWEEP,LAKSHADWEEP DISTRICT,0,0,0,0,0,0,0,18,15930,16134,0,1.0,Low
MADHYA PRADESH,AGAR-MALWA,43166,64982,42954,64542,38556,56656,1325512,47688,6818,191916,4610,0.8932029838298661,Medium
MADHYA PRADESH,ALIRAJPUR,118504,198766,118288,198216,87382,136954,2754372,37532,207012,257876,31122,0.7373759535543104,High
MADHYA PRADESH,ANUPPUR,140188,212906,140134,212784,113702,164668,3464722,29356,163880,296490,26486,0.8110679944075099,Medium
MADHYA PRADESH,ASHOK NAGAR,71674,92780,71136,92022,65832,83976,2371476,44332,26658,233702,5842,0.9184920612774506,Low
MADHYA PRADESH,BALAGHAT,324826,467230,324554,466722,279320,390368,6700470,30708,134068,608450,45506,0.8599065345754342,Medium
MADHYA PRADESH,BARWANI,90654,157636,90264,156774,67794,111442,1460166,38764,280932,377160,22860,0.7478324177642465,High
MADHYA PRADESH,BETUL,154932,237704,154510,236758,107302,153634,2504316,54898,211460,411318,47630,0.6925748070121085,High
MADHYA PRADESH,BHIND,53352,57708,52666,56896,36886,39390,516260,53718,858,296486,16466,0.6913705203178887,High
MADHYA PRADESH,BHOPAL,36944,48972,36790,48732,32896,42852,1312660,19344,6546,122222,4048,0.8904287570376787,Medium
MADHYA PRADESH,BURHANPUR,57136,100734,57078,100566,46180,76794,1229498,26964,61714,161926,10956,0.8082469896387566,Medium
MADHYA PRADESH,CHHATARPUR,105558,150170,104956,149052,87454,120222,3067188,76872,25722,392954,18104,0.8284923928077456,Medium
MADHYA PRADESH,CHHINDWARA,252308,372262,251960,371560,200708,284862,5552536,83016,264334,535996,51600,0.7954880542828606,Medium
MADHYA PRADESH,DAMOH,163408,213898,161940,211490,142636,182560,5761918,78220,71228,476006,20772,0.8728826006070695,Medium
MADHYA PRADESH,DATIA,36784,45252,36304,44530,31326,37890,1056678,38102,4992,140412,5458,0.8516202696824706,Medium
MADHYA PRADESH,DEWAS,64528,90596,63966,89672,52824,71764,1707606,56038,67624,296426,11704,0.8186213736672452,Medium
MADHYA PRADESH,DHAR,156208,246966,155282,245200,122186,186808,3375516,58970,381878,573640,34022,0.7822006555362081,Medium
MADHYA PRADESH,DINDORI,276620,390286,276384,389850,252628,348258,5417516,15464,210292,398686,23992,0.9132672980984744,Low
MADHYA PRADESH,GUNA,82840,115382,82194,114264,74370,101266,3211466,45940,68194,360498,8470,0.897754707870594,Medium
MADHYA PRADESH,GWALIOR,42558,51520,42444,51352,36904,43818,1226534,30306,17952,166358,5654,0.8671460125005874,Medium
MADHYA PRADESH,HARDA,32276,53540,32068,53058,25582,40492,660736,21410,36544,89390,6694,0.7926013136695997,Medium
MADHYA PRADESH,INDORE,18242,23900,18138,23742,14450,18240,439644,22216,25808,119962,3792,0.7921280561341958,Medium
MADHYA PRADESH,JABALPUR,89102,132534,88748,131770,71896,102250,1866120,50112,77338,258302,17206,0.8068954681151939,Medium
MADHYA PRADESH,JHABUA,151264,271768,150486,269538,122342,212572,3456266,17108,361688,403390,28922,0.8087978633382695,Medium
MADHYA PRADESH,KATNI,149884,216598,149662,216146,120204,165342,2924616,48828,96040,327990,29680,0.801980198019802,Medium
MADHYA PRADESH,KHANDWA,148608,273020,148202,271860,123368,218162,3123118,28836,123004,361532,25240,0.8301571920757967,Medium
MADHYA PRADESH,KHARGONE,159866,250420,159066,248954,133192,203708,4189756,58282,250132,508796,26674,0.8331477612500469,Medium
MADHYA PRADESH,MANDLA,238490,347640,238122,346946,205954,292558,4476960,32226,269412,462568,32536,0.8635749926621661,Medium
MADHYA PRADESH,MANDSAUR,71790,103358,71504,102864,61152,86330,2116890,54938,13498,293232,10638,0.8518178019222733,Medium
MADHYA PRADESH,MORENA,280310,303814,279828,303276,255538,275582,11112378,76320,8866,531144,24772,0.9116264136134994,Low
MADHYA PRADESH,NARMADAPURAM,30324,44568,30114,44170,20988,28866,442928,29028,44540,163074,9336,0.6921250494657697,High
MADHYA PRADESH,NARSINGHPUR,55818,83156,55702,82890,46680,68006,1528476,40686,42818,234964,9138,0.836289369020746,Medium
MADHYA PRADESH,NEEMUCH,37560,50262,37456,50048,32250,41702,1065910,20300,15690,158128,5310,0.8586261980830671,Medium
MADHYA PRADESH,NIWARI,30814,44192,30634,43910,27018,38252,910730,11364,10480,89220,3796,0.8768092425520867,Medium
MADHYA PRADESH,PANNA,96760,150396,96308,149408,87048,132516,3315628,58106,49638,287964,9712,0.8996279454319966,Medium
MADHYA PRADESH,RAISEN,54154,78966,53686,78262,41704,59454,1228632,36090,39190,208606,12450,0.7701000849429405,Medium
MADHYA PRADESH,RAJGARH,134800,214914,133814,212972,113200,177590,3411046,81934,15532,506680,21600,0.8397626112759644,Medium
MADHYA PRADESH,RATLAM,73624,114810,73008,113534,64174,98298,1922746,86298,99600,322712,9450,0.8716451157231337,Medium
MADHYA PRADESH,REWA,100806,137282,99862,135622,86034,115576,2408586,77494,72546,455814,14772,0.8534611035057437,Medium
MADHYA PRADESH,SAGAR,97030,132194,95284,129474,76284,101746,2191966,73236,65958,478090,20746,0.7861898381943728,Medium
MADHYA PRADESH,SATNA,101248,146566,100244,144672,88558,126102,2873642,68702,74628,364646,12690,0.874664190897598,Medium
MADHYA PRADESH,SEHORE,46568,71132,46406,70816,39118,58102,1460942,50448,36014,223610,7450,0.8400188970967187,Medium
MADHYA PRADESH,SEONI,246232,414004,246068,413596,208606,335092,6667020,52072,199978,431914,37626,0.8471928912570259,Medium
MADHYA PRADESH,SHAHDOL,132296,206758,131966,206040,104918,158490,2955420,42032,164324,300946,27378,0.7930549676483039,Medium
MADHYA PRADESH,SHAJAPUR,40924,58362,40658,57958,34174,48216,1122438,37084,21978,187566,6750,0.8350601114260581,Medium
MADHYA PRADESH,SHEOPUR,88114,119032,87598,118228,72026,93934,2136242,31310,82038,263848,16088,0.8174183444174592,Medium
MADHYA PRADESH,SHIVPURI,187434,255360,186024,252918,166188,222716,5905534,85708,102624,526560,21246,0.8866481001312462,Medium
MADHYA PRADESH,SIDHI,115390,163362,114752,162338,100976,141088,3126274,43658,89230,301740,14414,0.8750844960568507,Medium
MADHYA PRADESH,SINGRAULI,110784,161610,110442,161036,96998,140024,2889440,49802,99250,306028,13786,0.8755596476025419,Medium
MADHYA PRADESH,TIKAMGARH,62656,90732,62026,89514,56604,80526,2097718,41164,25032,235326,6052,0.9034090909090909,Low
MADHYA PRADESH,UJJAIN,59114,89460,58550,88302,53776,79672,1710556,82748,21308,259154,5338,0.9096999018844943,Low
MADHYA PRADESH,UMARIA,91112,135714,90726,134970,70986,102176,1993650,16402,115156,216510,20126,0.779107033102116,Medium
MADHYA PRADESH,VIDISHA,67442,83882,66804,83010,61004,75028,1873792,59914,24090,350454,6438,0.9045401975030396,Low
MAHARASHTRA,AHMEDNAGAR,79886,136542,79620,136036,68144,112500,1935242,78766,65122,1341898,11742,0.8530155471546954,Medium
MAHARASHTRA,AKOLA,87178,128988,86714,128094,73728,104942,1825798,80702,24372,556698,13450,0.845717956365138,Medium
MAHARASHTRA,AMRAVATI,187170,369496,186484,368076,162290,308836,8602188,94484,158458,925488,24880,0.8670727146444409,Medium
MAHARASHTRA,BEED,350228,617876,348746,615006,279172,477002,9064206,32936,3874,1097532,71056,0.7971150222141006,Medium
MAHARASHTRA,BHANDARA,294364,522590,294358,522584,244586,395826,8592020,76330,36730,560464,49778,0.8308964411409003,Medium
MAHARASHTRA,BULDHANA,111010,162510,110858,162264,91822,129516,1738748,88120,23978,945926,19188,0.8271507071435006,Medium
MAHARASHTRA,CHANDRAPUR,215502,406348,215416,406186,182144,315012,7129454,88068,140300,678916,33358,0.8452079331050292,Medium
MAHARASHTRA,Chatrapati Sambhaji Nagar,325322,608040,324610,606474,291856,522134,15100510,47458,22560,1190520,33466,0.8971296131217685,Medium
MAHARASHTRA,DHULE,90518,154114,90374,153782,70484,111424,2574714,38816,153332,595264,20034,0.7786738549238825,Medium
MAHARASHTRA,Dharashiv,92794,151124,92458,150528,72764,110972,2513148,70232,5020,523362,20030,0.78414552665043,Medium
MAHARASHTRA,GADCHIROLI,167118,335626,167104,335604,140122,260406,4645760,46136,159132,404682,26996,0.8384614464031402,Medium
MAHARASHTRA,GONDIA,327822,550744,327786,550674,284086,438806,9953290,60114,86882,702278,43736,0.8665861351587142,Medium
MAHARASHTRA,HINGOLI,95664,160956,95480,160576,83912,135904,3053788,81298,72966,382456,11752,0.877153370128784,Medium
MAHARASHTRA,JALGAON,96848,150388,96502,149814,77518,115728,2005832,82576,110302,868148,19330,0.8004088881546341,Medium
MAHARASHTRA,JALNA,191812,358424,191136,357046,163050,290746,5752616,38656,5524,719694,28762,0.8500510916939503,Medium
MAHARASHTRA,KOLHAPUR,27246,44878,27002,44376,20810,33298,530234,63136,1348,498518,6436,0.7637818395360787,Medium
MAHARASHTRA,LATUR,166788,281984,166314,281048,142320,227258,6268342,119646,9434,756752,24468,0.8532987984747105,Medium
MAHARASHTRA,NAGPUR,79304,117084,79012,116624,66982,95184,2228232,76202,68384,553834,12322,0.8446232220316756,Medium
MAHARASHTRA,NANDED,196500,326406,196028,325278,167078,265086,5944874,170080,85312,980166,29422,0.8502697201017811,Medium
MAHARASHTRA,NANDURBAR,89484,132678,89118,132022,73654,106502,1827146,23764,598204,736910,15830,0.8230968664789237,Medium
MAHARASHTRA,NASHIK,114812,185986,114484,185364,94150,146812,2674898,33260,425616,1336362,20662,0.820036233146361,Medium
MAHARASHTRA,PALGHAR,152458,302624,152264,302134,127918,235468,4380144,5618,496182,607016,24540,0.8390376365949966,Medium
MAHARASHTRA,PARBHANI,176780,287480,176290,286530,151400,238692,5310142,51666,6182,630578,25380,0.8564317230455933,Medium
MAHARASHTRA,PUNE,22252,36898,21802,36026,18066,27916,457510,37230,46936,547402,4186,0.8118820780154593,Medium
MAHARASHTRA,RAIGAD,12636,20886,12494,20662,10284,15826,190564,10868,74942,291056,2352,0.8138651471984806,Medium
MAHARASHTRA,RATNAGIRI,32836,47244,32618,46914,28594,40226,493608,22784,3700,389274,4242,0.8708125228407845,Medium
MAHARASHTRA,SANGLI,24200,34524,24172,34484,20044,28018,513588,34662,1936,455508,4156,0.8282644628099174,Medium
MAHARASHTRA,SATARA,32660,50068,32522,49812,27362,40564,819702,45646,4128,593964,5298,0.8377832210655236,Medium
MAHARASHTRA,SINDHUDURG,18544,30592,18450,30390,17054,27274,448574,10378,800,183570,1490,0.9196505608283002,Low
MAHARASHTRA,SOLAPUR,55490,90466,55104,89842,44096,69444,1238016,90324,15148,1069286,11394,0.7946657055325284,Medium
MAHARASHTRA,THANE,18912,33314,18874,33228,17084,28550,478834,11186,90190,268890,1828,0.9033417935702199,Low
MAHARASHTRA,WARDHA,50514,84198,50352,83858,43880,69866,1874012,38790,34418,296798,6634,0.8686700716633012,Medium
MAHARASHTRA,WASHIM,120690,201882,120162,200898,102994,162100,3812186,52320,17516,463222,17696,0.8533764189245173,Medium
MAHARASHTRA,YAVATMAL,235536,358896,235140,358174,206270,302070,7196692,96914,193050,1317230,29266,0.8757472318456626,Medium
MANIPUR,BISHNUPUR,20420,20480,20342,20402,19912,19938,98716,15098,336,109658,508,0.9751224289911851,Low
MANIPUR,CHANDEL,640,650,640,650,158,158,1422,10,40158,40522,482,0.246875,High
MANIPUR,CHURACHANDPUR,64,64,64,64,6,6,6,156,111838,114368,58,0.09375,High
MANIPUR,IMPHAL EAST,0,0,0,0,0,0,0,594,2576,234214,0,1.0,Low
MANIPUR,IMPHAL WEST,51340,53728,51320,53710,40144,41422,435116,7094,2264,137328,11196,0.7819244253992987,Medium
MANIPUR,JIRIBAM,0,0,0,0,0,0,0,2958,1362,19964,0,1.0,Low
MANIPUR,KAKCHING,9290,10942,9290,10942,0,0,0,4616,672,78076,9290,0.0,High
MANIPUR,KAMJONG,1712,1712,1622,1622,588,588,9320,44,32866,32996,1124,0.34345794392523366,High
MANIPUR,KANGPOKPI,2,2,0,0,0,0,0,148,66904,78456,2,0.0,High
MANIPUR,NONEY,550,550,550,550,0,0,0,0,23600,25508,550,0.0,High
MANIPUR,PHERZAWL,1778,1778,1762,1762,0,0,0,0,15728,15990,1778,0.0,High
MANIPUR,SENAPATI,0,0,0,0,0,0,0,28,79488,82042,0,1.0,Low
MANIPUR,TAMENGLONG,982,982,0,0,0,0,0,14,40268,44696,982,0.0,High
MANIPUR,TENGNOUPAL,1156,1156,1156,1156,232,232,232,186,29552,32620,924,0.20069204152249134,High
MANIPUR,THOUBAL,38444,39586,38432,39574,7670,7790,119556,76,100,93552,30774,0.1995109770055145,High
MANIPUR,UKHRUL,2990,2990,2990,2990,76,76,264,128,76496,77258,2914,0.025418060200668897,High
MEGHALAYA,EAST GARO HILLS,11966,17622,11934,17566,7336,10540,207358,40,61686,62632,4630,0.6130703660371052,High
MEGHALAYA,EAST KHASI HILLS,36434,37418,36174,37158,27182,27740,519132,596,232856,236872,9252,0.7460613712466377,High
MEGHALAYA,EASTERN WEST KHASI HILLS,10082,13332,10054,13294,8566,10962,216638,0,38240,38272,1516,0.8496330093235469,Medium
MEGHALAYA,East Jaintia Hills,19706,20032,19706,20032,17276,17532,404892,4,70188,70360,2430,0.8766873033593829,Medium
MEGHALAYA,NORTH GARO HILLS,10472,10584,10292,10402,3414,3500,44000,70,82328,83652,7058,0.3260122230710466,High
MEGHALAYA,RI BHOI,26792,34570,26710,34444,20484,24810,439396,724,115630,120280,6308,0.7645565840549418,Medium
MEGHALAYA,SOUTH GARO HILLS,6792,6792,6792,6792,5560,5560,248482,348,88064,91268,1232,0.8186101295641932,Medium
MEGHALAYA,SOUTH WEST GARO HILLS,32000,34594,32076,34674,22942,24252,388150,1552,73816,94454,9058,0.7169375,High
MEGHALAYA,SOUTH WEST KHASI HILLS,9910,10220,9878,10188,3616,3640,33750,2,51326,51386,6294,0.36488395560040365,High
MEGHALAYA,WEST GARO HILLS,28636,29430,28188,28980,18854,19204,324072,4264,157370,236640,9782,0.6584020114541137,High
MEGHALAYA,WEST JAINTIA HILLS,24152,26062,24122,26032,19720,21196,387890,308,122762,123366,4432,0.816495528320636,Medium
MEGHALAYA,WEST KHASI HILLS,24882,30316,24860,30288,19430,23314,509836,0,103998,104188,5452,0.7808857808857809,Medium
MIZORAM,AIZAWL,41134,41146,41118,41130,40964,40968,805444,0,41532,42244,170,0.9958671658482035,Low
MIZORAM,CHAMPHAI,36560,36610,36458,36490,36234,36266,1064418,0,36488,36520,326,0.9910831509846827,Low
MIZORAM,HNAHTHIAL,13704,13816,13690,13776,13672,13758,562974,0,13658,13752,32,0.9976649153531816,Low
MIZORAM,KHAWZAWL,17282,17328,17282,17328,17282,17328,583672,0,17182,17182,0,1.0,Low
MIZORAM,KOLASIB,41688,42208,41688,42208,40910,41138,1027162,18,41540,41732,778,0.981337555171752,Low
MIZORAM,LAWNGTLAI,75448,75652,75120,75314,74804,74942,2407366,12,74952,76184,644,0.991464319796416,Low
MIZORAM,LUNGLEI,38830,38930,38652,38728,38010,38038,1503602,6,64916,65270,820,0.9788823074942055,Low
MIZORAM,MAMIT,45344,45514,45160,45312,44182,44258,1183434,2,45530,45586,1162,0.9743736767819337,Low
MIZORAM,SAITUAL,24330,24474,24330,24472,23886,23952,685778,0,23818,23956,444,0.981750924784217,Low
MIZORAM,SERCHHIP,31848,32008,31826,31970,31658,31782,591370,8,31994,32284,190,0.9940341622707862,Low
MIZORAM,Siaha,36936,38872,36936,38872,36028,36752,996440,60,35510,36454,908,0.9754169374052415,Low
NAGALAND,DIMAPUR,7872,7886,7842,7856,7000,7012,69728,0,139982,151990,872,0.8892276422764228,Medium
NAGALAND,KIPHIRE,476,476,0,0,0,0,0,0,51902,51910,476,0.0,High
NAGALAND,KOHIMA,6528,6734,2818,2874,1192,1222,12296,0,106036,106036,5336,0.18259803921568626,High
NAGALAND,LONGLENG,20726,20734,7976,7976,7866,7866,52248,0,43316,43318,12860,0.37952330406253015,High
NAGALAND,MOKOKCHUNG,36000,36132,33970,34096,28242,28292,454458,0,70958,70958,7758,0.7845,Medium
NAGALAND,MON,59678,59708,57564,57590,54018,54032,690588,0,115494,115514,5660,0.9051576795469017,Low
NAGALAND,PEREN,14,14,0,0,0,0,0,0,68028,68030,14,0.0,High
NAGALAND,PHEK,13116,13198,912,912,0,0,0,0,76316,76320,13116,0.0,High
NAGALAND,TUENSANG,15148,15310,9410,9554,2528,2528,29196,0,101342,101342,12620,0.16688671771851069,High
NAGALAND,WOKHA,59258,59268,42062,42062,8780,8780,37408,0,80524,80716,50478,0.14816564852003106,High
NAGALAND,ZUNHEBOTO,2524,2526,518,518,298,298,2682,0,75502,75502,2226,0.11806656101426308,High
ODISHA,ANGUL,50050,68184,49936,68006,41298,54728,1129690,50790,48932,350522,8752,0.8251348651348651,Medium
ODISHA,BALESHWAR,69230,96196,68954,95766,55788,75310,1461672,88808,47760,522570,13442,0.8058356203957822,Medium
ODISHA,BARGARH,66210,101918,66006,101614,52348,76702,1565416,70408,83946,372866,13862,0.7906358556109349,Medium
ODISHA,BHADRAK,53340,70948,53102,70588,43390,56402,1040798,57804,3816,404210,9950,0.8134608173978253,Medium
ODISHA,BOLANGIR,190442,324048,190146,323478,156404,254292,5362610,92162,129456,570494,34038,0.8212684176809737,Medium
ODISHA,BOUDH,55032,86326,54948,86180,47372,72526,1409788,40932,21506,191854,7660,0.8608082570141009,Medium
ODISHA,CUTTACK,27612,40748,27484,40508,23046,32576,582334,86792,20242,410022,4566,0.8346371142981313,Medium
ODISHA,DEOGARH,27622,41828,27524,41658,23860,35280,611628,21046,45090,132018,3762,0.8638042140322931,Medium
ODISHA,DHENKANAL,62748,84206,62610,83934,57110,75876,1708186,79440,59900,399750,5638,0.9101485306304583,Low
ODISHA,GAJAPATI,60672,87376,60470,87056,49086,68112,1308466,15348,132646,217226,11586,0.8090387658227848,Medium
ODISHA,GANJAM,166628,190344,165926,189504,98664,109946,2182770,149224,42680,895192,67964,0.5921213721583407,High
ODISHA,JAGATSINGHAPUR,20208,29520,19940,29078,17098,24452,295088,45568,1136,250060,3110,0.8461005542359462,Medium
ODISHA,JAJPUR,47122,63134,47016,62968,40590,53334,954934,89036,27218,415254,6532,0.8613810958787828,Medium
ODISHA,JHARSUGUDA,23628,33176,23600,33126,19220,26388,527678,26248,54348,127890,4408,0.8134416793634671,Medium
ODISHA,KALAHANDI,176698,282708,176350,282150,147278,229502,4421380,94640,172790,550756,29420,0.8335012280840757,Medium
ODISHA,KANDHAMAL,207022,311594,206964,311472,190956,283318,6909842,66862,164584,300972,16066,0.9223947213339645,Low
ODISHA,KENDRAPARA,26976,38194,26874,38024,21666,29486,464314,72436,2226,400892,5310,0.8031583629893239,Medium
ODISHA,KENDUJHAR,131362,189406,131172,189076,111676,155368,2737394,71004,289048,626902,19686,0.8501393096938232,Medium
ODISHA,KHORDHA,19880,27708,19822,27594,16522,22280,356292,32828,14542,223554,3358,0.8310865191146881,Medium
ODISHA,KORAPUT,176390,229168,175950,228520,137874,174186,4004714,69592,283930,514920,38516,0.7816429502806281,Medium
ODISHA,MALKANGIRI,77376,104856,77164,104534,61872,81512,1869198,51376,137484,225980,15504,0.7996277915632755,Medium
ODISHA,MAYURBHANJ,300426,395394,300022,394794,243052,308330,6997962,81962,478752,875722,57374,0.8090245185170392,Medium
ODISHA,NABARANGAPUR,124310,170820,124142,170552,98840,133110,3109904,61720,233496,419222,25470,0.7951090016893251,Medium
ODISHA,NAYAGARH,56392,87692,56264,87470,48246,72998,1405142,39148,22688,328396,8146,0.8555468860831323,Medium
ODISHA,NUAPADA,77052,143684,76964,143482,63582,113022,2273388,27148,75486,195884,13470,0.8251829933032238,Medium
ODISHA,PURI,44340,68700,44172,68400,38040,57330,856778,67382,2062,388540,6300,0.857916102841678,Medium
ODISHA,RAYAGADA,113160,156714,112710,155952,88718,119226,2500152,50194,180482,296728,24442,0.7840049487451396,Medium
ODISHA,SAMBALPUR,48034,66922,47946,66816,38520,52156,1043560,38172,111754,238002,9514,0.8019319648582254,Medium
ODISHA,SONEPUR,51516,71870,51442,71764,43570,58978,1303788,49066,19912,234424,7946,0.8457566581256308,Medium
ODISHA,SUNDARGARH,164496,210040,164294,209758,141030,176130,4047902,41360,332742,483802,23466,0.8573460752845053,Medium
PUDUCHERRY,KARAIKAL,10726,11126,10616,11018,954,968,3230,11732,62,33020,9772,0.08894275592019392,High
PUDUCHERRY,PONDICHERRY,34060,36384,34038,36358,24536,25870,239992,29644,380,119416,9524,0.7203758073987082,High
PUNJAB,AMRITSAR,40094,42592,39806,42264,28250,29460,583478,149952,100,205904,11844,0.7045942036214895,High
PUNJAB,BARNALA,28108,31588,28106,31582,23120,25396,360560,60996,46,75454,4988,0.8225416251600968,Medium
PUNJAB,BHATINDA,75302,87038,75296,87020,61424,68740,733254,138230,12,193900,13878,0.8157021061857587,Medium
PUNJAB,FARIDKOT,41240,51868,41212,51812,33714,40782,487692,78238,4,104924,7526,0.8175072744907856,Medium
PUNJAB,FATEHGARH SAHIB,49494,52378,49484,52362,45754,47864,946752,73014,0,105660,3740,0.9244352850850608,Low
PUNJAB,FEROZEPUR,53490,63854,53292,63598,36888,42886,673136,173806,108,227916,16602,0.6896242288278183,High
PUNJAB,Fazilka,75112,101678,74948,101378,54198,69522,623648,148232,82,276862,20914,0.7215624667163703,High
PUNJAB,GURDASPUR,27706,29284,27510,29064,18208,19022,365898,30400,22,232712,9498,0.6571861690608533,High
PUNJAB,HOSHIARPUR,27412,28222,27302,28100,19598,20036,423370,114308,130,213746,7814,0.7149423610097767,High
PUNJAB,JALANDHAR,28862,30478,28808,30412,24226,25284,591946,127306,14,142842,4636,0.8393735707851154,Medium
PUNJAB,KAPURTHALA,27852,29816,27678,29604,22806,24128,488624,70854,184,90462,5046,0.8188280913399397,Medium
PUNJAB,LUDHIANA,76102,80190,75954,80034,62964,65694,1083720,168100,0,211006,13138,0.8273632756037949,Medium
PUNJAB,MALERKOTLA,13416,14392,13414,14390,11698,12400,208488,27802,8,35770,1718,0.8719439475253429,Medium
PUNJAB,MANSA,45904,52866,45904,52866,32298,35910,349618,105768,0,162556,13606,0.70359881491809,High
PUNJAB,MOGA,53822,61370,53490,61000,41352,46100,576006,152686,32,177098,12470,0.7683103563598529,Medium
PUNJAB,MUKATSAR,68082,85920,67982,85740,48560,58266,545134,163970,114,205048,19522,0.7132575423753709,High
PUNJAB,NAWANSHAHR,38218,40094,38116,39982,32220,33266,679246,62054,8,97958,5998,0.8430582448061124,Medium
PUNJAB,PATIALA,90008,98582,89924,98484,74344,79680,1158398,150368,2,253806,15664,0.8259710247977957,Medium
PUNJAB,Pathankot,8290,8620,8268,8592,5248,5424,138298,38488,6,81394,3042,0.6330518697225573,High
PUNJAB,ROPAR,28066,29494,28048,29474,20600,21352,414984,47848,12,102392,7466,0.7339841801467968,High
PUNJAB,SANGRUR,78696,84544,78676,84522,67952,72008,1096312,125330,30,174712,10744,0.863474636576192,Medium
PUNJAB,SAS NAGAR MOHALI,13662,14364,13618,14302,10798,11276,188958,25478,12,60528,2864,0.7903674425413556,Medium
PUNJAB,TARN TARAN,82094,90828,81542,90190,38260,39664,886422,147146,64,212476,43834,0.46605111213974226,High
RAJASTHAN,AJMER,598458,658026,598148,657572,544896,587856,16244276,147892,30488,965916,53562,0.9104999849613507,Low
RAJASTHAN,ALWAR,143350,163220,143254,163048,104288,115440,2049764,157536,83784,621352,39062,0.7275061039414021,High
RAJASTHAN,BANSWARA,597848,886942,597800,886810,542448,787340,18457060,32342,734800,896432,55400,0.9073343057098125,Low
RAJASTHAN,BARAN,232678,329778,232318,329170,206192,282968,6112198,96348,151626,522930,26486,0.8861688685651415,Medium
RAJASTHAN,BARMER,591080,942636,590376,941496,522466,824868,21097240,212966,85472,1332664,68614,0.88391757460919,Medium
RAJASTHAN,BHARATPUR,144256,174690,143894,174172,118564,138974,2559200,163234,16674,733214,25692,0.8218999556344276,Medium
RAJASTHAN,BHILWARA,735066,843456,734792,843054,668188,749044,18622818,185650,117416,1057320,66878,0.9090176936492778,Low
RAJASTHAN,BIKANER,249708,353382,249330,352740,193136,266236,5300430,270980,5870,793172,56572,0.7734473865474875,Medium
RAJASTHAN,BUNDI,211884,256064,211658,255754,186268,218026,5026480,92962,117042,475254,25616,0.8791036604934775,Medium
RAJASTHAN,CHITTORGARH,219180,272400,219136,272298,189056,226648,6307858,103812,99220,551186,30124,0.8625604525960398,Medium
RAJASTHAN,CHURU,295342,368678,295112,368374,247256,300120,7295360,192814,6588,716538,48086,0.8371853647635622,Medium
RAJASTHAN,DAUSA,102642,119108,102462,118848,67976,75572,1437064,87622,120208,417026,34666,0.6622630112429609,High
RAJASTHAN,DHOLPUR,70010,86366,69716,85996,52372,62492,1038424,119478,28418,388530,17638,0.7480645622053992,High
RAJASTHAN,DUNGARPUR,640830,849538,640796,849434,621142,803422,26453224,23412,576322,799940,19688,0.9692773434452194,Low
RAJASTHAN,HANUMANGARH,282168,308908,281698,308354,206340,220926,3943148,196154,1698,570782,75828,0.7312664795441014,High
RAJASTHAN,JAIPUR,185636,197020,185146,196466,146548,153808,3259220,185584,120842,851596,39088,0.7894373936089982,Medium
RAJASTHAN,JAISALMER,200138,272022,200070,271870,178366,237308,6858186,47964,19002,322554,21772,0.8912150616074909,Medium
RAJASTHAN,JALORE,232734,262702,232462,262298,204382,227058,6265092,145340,75740,642946,28352,0.8781785214021157,Medium
RAJASTHAN,JHALAWAR,432682,611960,432502,611544,381138,525344,11655114,149862,104066,703240,51544,0.8808732510250022,Medium
RAJASTHAN,JHUNJHUNU,55818,61400,55718,61280,40394,43080,1048506,115524,10562,383864,15424,0.7236733670142248,High
RAJASTHAN,JODHPUR,407220,488604,406868,488084,288376,329370,6871472,195128,37990,1136756,118844,0.7081577525661804,High
RAJASTHAN,KARAULI,88938,121326,88674,120830,65588,87848,1555506,115018,124650,490696,23350,0.7374575547010277,High
RAJASTHAN,KOTA,193400,237446,193320,237242,179012,213030,6141690,81308,52258,305732,14388,0.9256049638055843,Low
RAJASTHAN,NAGAUR,648694,763878,648306,763322,575402,667110,17367322,336630,3400,1254414,73292,0.88701606612671,Medium
RAJASTHAN,PALI,312802,340138,312382,339642,262148,279730,6890484,167628,65950,784196,50654,0.8380636952449153,Medium
RAJASTHAN,PRATAPGARH,356522,545002,356410,544764,337690,505470,16589222,24750,321144,450066,18832,0.9471785752351889,Low
RAJASTHAN,RAJSAMAND,255938,279308,255660,279004,217996,232218,6584296,79884,79820,488710,37942,0.8517531589681876,Medium
RAJASTHAN,SAWAI MADHOPUR,113264,147052,112988,146630,82984,102640,1798106,107686,126334,516144,30280,0.7326599802231953,High
RAJASTHAN,SIKAR,102246,113492,102098,113288,79302,86502,2110630,149054,22230,593110,22944,0.7756000234728009,Medium
RAJASTHAN,SIROHI,179574,204080,179494,203968,154412,170414,4710176,83534,124042,383028,25162,0.8598794925768763,Medium
RAJASTHAN,SRI GANGANAGAR,348718,396424,347992,395584,277708,306128,5190416,303324,1824,625632,71010,0.7963684122987629,Medium
RAJASTHAN,TONK,175528,247934,175372,247648,142914,196840,4564850,116042,88072,578194,32614,0.8141948862859487,Medium
RAJASTHAN,UDAIPUR,480610,582214,480422,581938,434774,515682,14034740,48476,758230,1149422,45836,0.9046295333014295,Low
SIKKIM,Gangtok District,9242,10124,9242,10114,4510,4828,99350,1440,7192,20744,4732,0.48798961263795715,High
SIKKIM,Gyalshing District,11442,13912,11442,13912,8436,10050,187598,1552,14002,28962,3006,0.7372836916622968,High
SIKKIM,Mangan District,4720,4740,4714,4734,3486,3496,71090,232,15040,16602,1234,0.7385593220338983,High
SIKKIM,Namchi District,17658,18836,17600,18766,10936,11514,196144,3124,15980,53018,6722,0.6193226866009741,High
SIKKIM,PAKYONG,12690,13002,12686,12994,5026,5124,115604,1780,7490,27058,7664,0.39605988967691097,High
SIKKIM,SORENG,14812,16488,14798,16468,10594,11570,250608,1358,11550,29052,4218,0.7152308938698353,High
TAMIL NADU,ARIYALUR,67286,75928,67114,75744,41144,45382,413190,80386,4246,372542,26142,0.6114793567755551,High
TAMIL NADU,CHENGALPATTU,118472,121190,115174,117736,60854,61830,483216,191626,8886,461764,57618,0.5136572354649199,High
TAMIL NADU,COIMBATORE,76062,77512,76014,77462,58784,59634,671254,68688,3962,209348,17278,0.7728432068575636,Medium
TAMIL NADU,CUDDALORE,91026,106192,89478,104508,61532,72560,977476,314612,4848,896250,29494,0.6759826862654627,High
TAMIL NADU,DHARMAPURI,121118,126024,120340,125222,80540,83484,743834,72090,15924,535432,40578,0.6649713502534719,High
TAMIL NADU,DINDIGUL,185254,192934,184640,192302,123866,128030,1378610,147450,670,605848,61388,0.6686279378582919,High
TAMIL NADU,ERODE,92224,94312,90702,92770,48674,49588,550272,100798,5756,371982,43550,0.5277801873698821,High
TAMIL NADU,KALLAKURICHI,149012,177842,146596,175274,76882,91838,795948,192192,21008,626082,72130,0.5159450245617803,High
TAMIL NADU,KANCHIPURAM,141574,145268,141412,145098,109914,112106,1004510,102162,4810,275778,31660,0.7763713676239987,Medium
TAMIL NADU,KANNIYAKUMARI,12114,12262,12030,12178,4242,4348,50786,10248,548,148974,7872,0.3501733531451213,High
TAMIL NADU,KARUR,62748,64918,62362,64528,29526,30194,259078,64308,48,278012,33222,0.4705488621151272,High
TAMIL NADU,KRISHNAGIRI,321194,332950,320434,332134,265098,273246,2646900,83734,6400,595308,56096,0.8253516566311948,Medium
TAMIL NADU,MADURAI,225390,235212,224506,234260,161214,167138,1434734,123414,1376,580490,64176,0.715266870757354,High
TAMIL NADU,MAYILADUTHURAI,51406,61176,50924,60616,37672,44930,475870,135248,396,319546,13734,0.7328327432595417,High
TAMIL NADU,NAGAPATTINAM,68682,80856,68222,80254,14504,17276,219870,102362,340,230602,54178,0.2111761451326403,High
TAMIL NADU,NAMAKKAL,165856,172368,165568,172070,115972,119378,1073028,117574,31028,427050,49884,0.6992330696507814,High
TAMIL NADU,PERAMBALUR,69062,75076,68962,74960,44016,47142,336656,83894,906,280364,25046,0.6373403608351915,High
TAMIL NADU,PUDUKKOTTAI,291164,305584,288438,302718,113642,117044,756176,122450,12,658938,177522,0.39030237254605654,High
TAMIL NADU,RAMANATHAPURAM,240986,253890,239300,252008,185884,193896,1748854,110922,38,450754,55102,0.7713477131451619,Medium
TAMIL NADU,Ranipet,186170,196444,185586,195804,152388,159198,1301704,85018,3700,338252,33782,0.8185421926196487,Medium
TAMIL NADU,SALEM,193066,200316,192834,200070,133084,137026,1291158,161178,55592,839832,59982,0.6893186785865973,High
TAMIL NADU,SIVAGANGAI,89400,91212,89196,90994,50092,50952,451820,79896,30,394370,39308,0.5603131991051454,High
TAMIL NADU,TENKASI,53014,57218,52380,56520,29916,31722,313518,98310,156,304554,23098,0.5643037688157845,High
TAMIL NADU,THANJAVUR,150854,161780,148672,159348,66660,69932,579530,166116,202,572670,84194,0.4418842059209567,High
TAMIL NADU,THE NILGIRIS,26538,27520,26516,27490,19808,20300,281288,32574,7946,102778,6730,0.746401386690783,High
TAMIL NADU,THENI,21860,22792,21798,22726,15230,15866,213454,53326,392,214112,6630,0.6967063129002745,High
TAMIL NADU,THOOTHUKKUDI,175972,183510,175634,183148,137136,141686,1261802,105796,314,327870,38836,0.7793057986497852,Medium
TAMIL NADU,TIRUCHIRAPPALLI,245880,254856,244650,253574,141768,145828,1169938,136858,7316,625816,104112,0.5765739385065886,High
TAMIL NADU,TIRUNELVELI,52532,53656,52396,53508,35140,35746,341604,67806,360,245762,17392,0.6689256072489149,High
TAMIL NADU,TIRUPATHUR,116566,120886,116392,120706,89192,91886,792098,46324,9826,271248,27374,0.7651630835749704,Medium
TAMIL NADU,TIRUPPUR,100438,103272,99160,101958,49340,50266,497550,124870,604,346072,51098,0.49124833230450626,High
TAMIL NADU,TIRUVALLUR,211078,215642,208860,213350,70234,71298,486246,225276,16342,586740,140844,0.332739555993519,High
TAMIL NADU,TIRUVANNAMALAI,605148,633814,602800,631278,485112,502928,4062954,237696,43864,1063598,120036,0.8016419123916794,Medium
TAMIL NADU,TIRUVARUR,53164,61264,52556,60604,26818,31662,352028,194040,80,403998,26346,0.5044390941238432,High
TAMIL NADU,VELLORE,135994,140196,135382,139556,93782,96052,803470,72882,7442,297352,42212,0.6896039531155786,High
TAMIL NADU,VILLUPURAM,401248,424226,399020,421796,283186,296762,2262466,252096,11226,871780,118062,0.7057630193795359,High
TAMIL NADU,VIRUDHUNAGAR,194428,203234,193278,201984,138588,143338,1230232,135416,306,476644,55840,0.7127985681074742,High
TELANGANA,Adilabad,189598,355882,189494,355636,170520,308800,8481372,60172,137812,345640,19078,0.8993765757022754,Medium
TELANGANA,Bhadradri Kothagudem,218132,358538,218028,358280,200234,313448,8380982,62488,232454,444136,17898,0.917948764968001,Low
TELANGANA,Hanumakonda,96046,153692,96044,153674,91008,140062,3511188,47124,4718,178430,5038,0.9475459675572122,Low
TELANGANA,Jagtial,173364,232670,173344,232632,160698,208542,6379168,81170,13994,335052,12666,0.9269398491036202,Low
TELANGANA,Jangaon,128644,207538,128614,207438,120020,184600,4955276,53790,34184,235074,8624,0.9329622835110849,Low
TELANGANA,Jayashanker Bhopalapally,113710,203176,113682,203118,104176,177244,3523428,54316,23074,220872,9534,0.9161551314748043,Low
TELANGANA,Jogulamba Gadwal,131120,234054,131102,233988,120122,203412,3605590,65034,4956,313020,10998,0.9161226357535083,Low
TELANGANA,Kamareddy,245044,397934,245000,397818,218366,337364,7196830,98372,58886,500734,26678,0.8911297562886665,Medium
TELANGANA,Karimnagar,130132,189478,130102,189416,122442,169496,4370718,66644,2220,247052,7690,0.9409061568253773,Low
TELANGANA,Khammam,311010,521106,310944,520986,287324,457448,10425702,148164,123634,612288,23686,0.9238416771164915,Low
TELANGANA,Kumram Bheem(Asifabad),162538,300620,162508,300554,147832,261104,7420280,40318,82484,245384,14706,0.9095226962310352,Low
TELANGANA,Mahabubabad,230530,417950,230470,417808,207818,357332,7974412,59026,195196,438796,22712,0.901479200104108,Low
TELANGANA,Mahabubnagar,130702,188740,130670,188660,122048,170614,5160832,46732,43428,271084,8654,0.9337883123441111,Low
TELANGANA,Mancherial,125034,203166,125010,203108,117660,184388,4961968,74216,35578,240816,7374,0.9410240414607227,Low
TELANGANA,Medak,183468,324456,183394,324222,173552,295838,7170188,64892,42386,328874,9916,0.9459524276713105,Low
TELANGANA,Medchal,3296,3408,3296,3408,2894,2986,72930,10874,2460,35972,402,0.8780339805825242,Medium
TELANGANA,Mulugu,86074,150132,86064,150104,76240,126394,2936386,30822,57044,172572,9834,0.8857494713850873,Medium
TELANGANA,Nagarkurnool,166338,268966,166266,268830,153324,235220,5890746,98074,62688,388770,13014,0.9217617141002056,Low
TELANGANA,Nalgonda,364022,627138,363914,626854,332868,541446,11574186,147318,124868,718212,31154,0.9144172604952447,Low
TELANGANA,Narayanpet,99060,161250,99018,161118,92452,144146,3269150,38686,14394,223058,6608,0.9332929537653947,Low
TELANGANA,Nirmal,229542,396410,229476,396200,217660,361072,9831116,65792,58334,353420,11882,0.9482360526613866,Low
TELANGANA,Nizamabad,248554,360900,248514,360820,233272,325666,8545972,107478,61832,515110,15282,0.9385163787346009,Low
TELANGANA,Peddapalli,116676,177198,116652,177144,109564,156872,4000538,52716,6140,237478,7112,0.9390448764098872,Low
TELANGANA,Rajanna Sirsilla,95330,139302,95306,139220,88680,123324,3490580,51150,14128,195808,6650,0.9302423161649008,Low
TELANGANA,Rangareddy,108902,159370,108828,159216,94028,129142,2936346,92526,47424,320920,14874,0.8634184863455217,Medium
TELANGANA,Sangareddy,204648,330996,204518,330704,189176,294214,8282948,121450,51306,439938,15472,0.9243970134083891,Low
TELANGANA,Siddipet,197960,319258,197910,319130,183846,281036,8100624,92526,13354,396372,14114,0.9287027682360073,Low
TELANGANA,Suryapet,303046,547418,302836,546862,288684,502972,9532024,110616,84906,524948,14362,0.9526078549131155,Low
TELANGANA,Vikarabad,221908,406670,221848,406502,207502,362674,11400832,93512,50078,370092,14406,0.9350812048236206,Low
TELANGANA,Wanaparthy,108954,164352,108918,164280,103320,149808,3893810,43858,25950,250884,5634,0.9482901040806212,Low
TELANGANA,Warangal,126936,212064,126900,211980,116914,184198,4281620,42996,54716,240008,10022,0.9210468267473373,Low
TELANGANA,Yadadri Bhuvanagiri,142928,195704,142894,195632,132830,174696,4280422,58078,24824,285432,10098,0.9293490428747341,Low
TRIPURA,DHALAI,159338,211060,159232,210834,127898,165050,2893784,27464,123754,189582,31440,0.8026836034091052,Medium
TRIPURA,Gomati,126880,157368,126872,157336,99444,121204,1733040,30138,95400,196304,27436,0.783764186633039,Medium
TRIPURA,Khowai,90092,105482,90072,105452,77570,89232,1629790,28490,74294,147278,12522,0.8610087466145717,Medium
TRIPURA,NORTH TRIPURA,101392,142830,101352,142746,88024,122792,1844782,23130,51814,152048,13368,0.8681552785229604,Medium
TRIPURA,SOUTH TRIPURA,160326,187352,160306,187302,147978,168818,2552084,27468,69108,192298,12348,0.9229819243291792,Low
TRIPURA,Sepahijala,97768,116528,97712,116456,79656,93086,1370910,29514,52234,167610,18112,0.8147451108747238,Medium
TRIPURA,Unakoti,65914,86822,65896,86778,53870,71296,1176224,20956,27000,113092,12044,0.8172770579846467,Medium
TRIPURA,WEST TRIPURA,120576,136150,120520,136050,102806,114202,1833878,38554,73348,189790,17770,0.8526240711252654,Medium
UTTAR PRADESH,AGRA,127240,155942,127182,155860,88808,107056,2011808,98916,1542,340610,38432,0.697956617415907,High
UTTAR PRADESH,ALIGARH,120002,132422,119920,132310,94562,103292,1975882,87546,528,351846,25440,0.7880035332744454,Medium
UTTAR PRADESH,AMBEDKAR NAGAR,142780,158510,142752,158486,117544,128866,3218232,162530,1022,457812,25236,0.8232525563804455,Medium
UTTAR PRADESH,AMETHI,100132,112016,100064,111918,79184,87292,2049808,124478,6,431620,20948,0.7907961490832102,Medium
UTTAR PRADESH,AMROHA,115336,134950,115308,134918,95310,109038,2002670,71220,130,285842,20026,0.8263681764583478,Medium
UTTAR PRADESH,AURAIYA,79806,87436,79780,87408,61034,66160,1441024,96938,884,239818,18772,0.7647795905069794,Medium
UTTAR PRADESH,AYODHYA,118370,129790,118254,129656,99968,108184,2551630,150854,684,427736,18402,0.8445383120723157,Medium
UTTAR PRADESH,AZAMGARH,339176,361512,339054,361376,275900,292380,8696410,309066,1818,822198,63276,0.8134419888199637,Medium
UTTAR PRADESH,BAGHPAT,1888,2048,1886,2046,1344,1444,14586,7938,38,31662,544,0.711864406779661,High
UTTAR PRADESH,BAHRAICH,323190,365280,323142,365216,287014,322350,10370906,161350,3892,760430,36176,0.8880658436213992,Medium
UTTAR PRADESH,BALLIA,103728,114596,103694,114556,59062,64312,1318548,120020,20818,534502,44666,0.5693930279191732,High
UTTAR PRADESH,BALRAMPUR,139766,150878,139768,150880,114306,122440,3127218,81564,7004,348824,25460,0.817838387018302,Medium
UTTAR PRADESH,BANDA,88790,108876,88744,108818,64124,75010,1726344,101792,54,417604,24666,0.7221984457709202,High
UTTAR PRADESH,BARABANKI,197870,228690,197822,228626,170246,194996,5160898,288286,214,691136,27624,0.8603931874463031,Medium
UTTAR PRADESH,BAREILLY,167482,200222,167476,200218,132482,155102,2974894,110528,310,525794,35000,0.7910223188163504,Medium
UTTAR PRADESH,BASTI,344920,388532,344900,388504,298272,333340,9933514,185322,32,740906,46648,0.86475704511191,Medium
UTTAR PRADESH,BIJNOR,203226,243328,203216,243316,162164,190242,2697174,194252,2058,504756,41062,0.7979490813183353,Medium
UTTAR PRADESH,BUDAUN,142038,155124,141884,154946,108194,116226,2668682,82432,406,425444,33844,0.761725735366592,Medium
UTTAR PRADESH,BULANDSHAHR,23150,24190,23146,24186,16220,16856,280620,29158,154,148176,6930,0.7006479481641469,High
UTTAR PRADESH,CHANDAULI,172742,224138,172610,223938,137782,175316,4773400,101794,1710,360224,34960,0.7976172557918746,Medium
UTTAR PRADESH,CHITRAKOOT,58386,75794,58446,75854,44384,55322,1099024,103172,58,258198,14002,0.7601822354674066,Medium
UTTAR PRADESH,DEORIA,120644,126582,120510,126436,95742,99906,2625228,96292,13672,396046,24902,0.7935910613043334,Medium
UTTAR PRADESH,ETAH,59728,64096,59712,64074,39334,41660,704988,51912,118,259182,20394,0.6585521028663274,High
UTTAR PRADESH,ETAWAH,50418,54298,50204,54036,35794,38204,717628,86262,300,245020,14624,0.7099448609623548,High
UTTAR PRADESH,FARRUKHABAD,54444,56546,54442,56544,40158,41396,913514,51594,2,214980,14286,0.7376019396076703,High
UTTAR PRADESH,FATEHPUR,111858,120306,111808,120242,90452,96488,2460518,177642,218,483742,21406,0.8086323731874341,Medium
UTTAR PRADESH,FIROZABAD,115184,119156,115066,119022,91266,93994,2490874,75594,378,275958,23918,0.7923496318933185,Medium
UTTAR PRADESH,GAUTAM BUDDHA NAGAR,0,0,0,0,0,0,0,1662,42,6414,0,1.0,Low
UTTAR PRADESH,GHAZIABAD,0,0,0,0,0,0,0,8850,152,29118,0,1.0,Low
UTTAR PRADESH,GHAZIPUR,271394,313374,270918,312846,177226,200930,4596522,199388,7762,819680,94168,0.6530210689993147,High
UTTAR PRADESH,GONDA,146230,154446,146046,154246,115528,121146,3497116,150356,732,607766,30702,0.7900430828147439,Medium
UTTAR PRADESH,GORAKHPUR,233206,252156,233208,252152,210018,225560,7516782,210370,822,640812,23188,0.9005685960052486,Low
UTTAR PRADESH,HAMIRPUR,101302,138054,101210,137912,89152,119468,2849056,73518,106,319620,12150,0.8800615979941167,Medium
UTTAR PRADESH,HAPUR,6666,7120,6666,7120,4034,4330,59196,12456,36,31002,2632,0.6051605160516051,High
UTTAR PRADESH,HARDOI,229570,249024,229476,248908,172880,185024,4453518,273708,1074,788218,56690,0.7530600688243237,Medium
UTTAR PRADESH,HATHRAS,43116,50074,43110,50066,28352,32090,512638,48102,116,151364,14764,0.6575749141849894,High
UTTAR PRADESH,JALAUN,217160,281676,217076,281562,180066,229502,6094278,129108,66,419044,37094,0.8291858537483883,Medium
UTTAR PRADESH,JAUNPUR,320350,330140,320292,330084,261134,267966,7506694,319492,44,875400,59216,0.8151521773060715,Medium
UTTAR PRADESH,JHANSI,103888,139936,103862,139894,87488,115224,3256280,110788,2616,331872,16400,0.8421376867395657,Medium
UTTAR PRADESH,KANNAUJ,82324,91950,82242,91860,63002,68510,1474678,82560,14,258452,19322,0.7652932316213984,Medium
UTTAR PRADESH,KANPUR DEHAT,76178,86746,76154,86712,56670,63430,1273102,105922,274,274602,19508,0.743915566173961,High
UTTAR PRADESH,KANPUR NAGAR,37130,41580,37060,41508,27138,29746,567446,84404,2312,210732,9992,0.7308914624293025,High
UTTAR PRADESH,KASHGANJ,74138,83044,73974,82848,57284,63112,965004,48172,168,219352,16854,0.7726671882165691,Medium
UTTAR PRADESH,KAUSHAMBI,61862,71718,61770,71610,47684,54720,1172536,111952,164,257190,14178,0.7708124535255892,Medium
UTTAR PRADESH,KHERI,262844,313292,262840,313292,223914,262972,6434508,330972,16414,910942,38930,0.8518893335971146,Medium
UTTAR PRADESH,KUSHI NAGAR,163720,192010,163712,191992,137958,159636,3412926,156148,3986,623332,25762,0.8426459809430735,Medium
UTTAR PRADESH,LALITPUR,136334,192736,136244,192606,122900,170384,4122166,84682,27348,356756,13434,0.9014625845350389,Low
UTTAR PRADESH,LUCKNOW,29506,32666,29432,32574,22914,25052,386618,135298,762,223546,6592,0.7765878126482749,Medium
UTTAR PRADESH,MAHARAJGANJ,288612,342922,288612,342918,261900,307330,7542484,133098,3280,650270,26712,0.9074466758138955,Low
UTTAR PRADESH,MAHOBA,40288,55896,40290,55896,32770,44392,1047742,44310,184,156748,7518,0.8133935663224782,Medium
UTTAR PRADESH,MAINPURI,121604,137586,121460,137394,97758,108532,2905800,95808,686,368736,23846,0.8039044768264202,Medium
UTTAR PRADESH,MATHURA,93524,114802,93476,114742,72390,88268,1791864,69948,508,247336,21134,0.7740259184808178,Medium
UTTAR PRADESH,MAU,167774,189064,167756,189042,140704,156590,3978176,162734,6658,488376,27070,0.8386519961376614,Medium
UTTAR PRADESH,MEERUT,17880,19410,17836,19364,12302,13256,259656,36966,314,91036,5578,0.6880313199105146,High
UTTAR PRADESH,MIRZAPUR,143344,180822,143338,180816,115786,142444,3188710,205836,5428,512616,27558,0.8077491907578971,Medium
UTTAR PRADESH,MORADABAD,91844,106032,91766,105942,63166,71578,1272910,68554,282,356150,28678,0.6877531466399547,High
UTTAR PRADESH,MUZAFFARNAGAR,17216,18632,17216,18632,15034,16182,263378,41870,310,154244,2182,0.8732574349442379,Medium
UTTAR PRADESH,PILIBHIT,138532,166762,138454,166664,117282,138464,2419502,76798,934,425424,21250,0.8466058383622557,Medium
UTTAR PRADESH,PRATAPGARH,166122,173566,166092,173538,129502,134076,3541282,243790,1300,629568,36620,0.7795596007753338,Medium
UTTAR PRADESH,PRAYAGRAJ,174512,206742,174552,206784,121992,142318,2763412,324852,404,751002,52520,0.6990464839094159,High
UTTAR PRADESH,RAE BARELI,122732,140008,122722,139998,100198,112324,2167710,258514,404,581796,22534,0.8163967017566731,Medium
UTTAR PRADESH,RAMPUR,129458,147184,129386,147100,114212,128508,3447662,71298,134,306514,15246,0.8822320752676543,Medium
UTTAR PRADESH,SAHARANPUR,73608,84348,73450,84170,54168,60924,836390,145338,582,317946,19440,0.7358982719269644,High
UTTAR PRADESH,SAMBHAL,56230,61958,56188,61882,33440,36554,530054,71332,74,261322,22790,0.5947003378979192,High
UTTAR PRADESH,SANT KABEER NAGAR,211446,230620,211450,230624,173964,188164,5159060,151838,384,466798,37482,0.8227348826650777,Medium
UTTAR PRADESH,SANT RAVIDAS NAGAR,53206,61580,53200,61572,36228,40738,850772,77780,694,205542,16978,0.6809006503025975,High
UTTAR PRADESH,SHAHJAHANPUR,138378,157518,138390,157536,114142,128442,2681624,157316,180,547500,24236,0.8248565523421353,Medium
UTTAR PRADESH,SHAMLI,8498,9666,8484,9652,4968,5492,96620,11622,106,75476,3530,0.5846081430924923,High
UTTAR PRADESH,SHRAVASTI,80174,94898,80136,94852,67462,78820,2158692,63494,1802,231348,12712,0.8414448574350787,Medium
UTTAR PRADESH,SIDDHARTH NAGAR,352358,384560,352304,384494,317344,344840,10469834,152836,32,707304,35014,0.9006294734332696,Low
UTTAR PRADESH,SITAPUR,247866,295112,247750,294960,204446,240718,4863660,430788,740,1111960,43420,0.8248247036705316,Medium
UTTAR PRADESH,SONBHADRA,124176,157024,124152,157004,98222,121632,2546302,150734,141372,505870,25954,0.7909902074474939,Medium
UTTAR PRADESH,SULTANPUR,196414,208738,196148,208426,156026,164572,4452670,152588,1142,573174,40388,0.7943731098597859,Medium
UTTAR PRADESH,UNNAO,86674,93516,86664,93506,66508,71376,1612766,177072,864,481396,20166,0.7673350716477837,Medium
UTTAR PRADESH,VARANASI,78492,95938,78468,95906,60042,71418,1283602,84384,1700,258252,18450,0.7649441981348417,Medium
UTTARAKHAND,ALMORA,23420,30894,23368,30806,18578,23886,388478,32916,96,166126,4842,0.7932536293766012,Medium
UTTARAKHAND,BAGESHWAR,17016,22710,17008,22696,13508,17578,340370,21300,568,91140,3508,0.7938410907381288,Medium
UTTARAKHAND,CHAMOLI,48418,61112,48384,61070,41714,51994,814048,23400,3042,155854,6704,0.8615390970300302,Medium
UTTARAKHAND,CHAMPAWAT,20230,27136,20198,27072,15560,20552,354984,11844,186,79654,4670,0.7691547207118141,Medium
UTTARAKHAND,DEHRADUN,40968,50066,40892,49964,33214,39850,1153840,20966,33144,121752,7754,0.810730326108182,Medium
UTTARAKHAND,HARIDWAR,55572,68184,54900,67310,40274,48150,1067624,52552,1432,237422,15298,0.724717483624847,High
UTTARAKHAND,NAINITAL,16518,25038,16472,24928,13098,18930,345992,20148,922,112226,3420,0.7929531420268797,Medium
UTTARAKHAND,PAURI GARHWAL,46476,53822,46198,53512,33874,39132,582578,22764,126,198432,12602,0.728849298562699,High
UTTARAKHAND,PITHORAGARH,29920,45528,29882,45450,24326,35954,598046,29078,4746,151094,5594,0.8130347593582887,Medium
UTTARAKHAND,RUDRA PRAYAG,25984,32386,25946,32316,21926,26790,639594,13870,28,93650,4058,0.8438269704433498,Medium
UTTARAKHAND,TEHRI GARHWAL,95832,110652,95592,110356,80686,91912,1456234,26818,310,274432,15146,0.8419525836881209,Medium
UTTARAKHAND,UDAM SINGH NAGAR,22994,29782,22986,29770,19444,24576,417182,30090,35466,201674,3550,0.8456118987561972,Medium
UTTARAKHAND,UTTAR KASHI,79770,117942,79518,117450,65188,91534,1850820,29400,970,165614,14582,0.8171994484141908,Medium
WEST BENGAL,24 PARGANAS (NORTH),0,0,0,0,0,0,0,494344,77296,1746736,0,1.0,Low
WEST BENGAL,24 PARGANAS SOUTH,0,0,0,0,0,0,0,488618,19026,2806370,0,1.0,Low
WEST BENGAL,ALIPURDUAR,0,0,0,0,0,0,0,176876,130410,644282,0,1.0,Low
WEST BENGAL,BANKURA,0,0,0,0,0,0,0,515932,149172,1372326,0,1.0,Low
WEST BENGAL,BIRBHUM,0,0,0,0,0,0,0,459254,96544,1354628,0,1.0,Low
WEST BENGAL,COOCHBEHAR,0,0,0,0,0,0,0,702124,9666,1321178,0,1.0,Low
WEST BENGAL,DINAJPUR DAKSHIN,0,0,0,0,0,0,0,154466,87064,555552,0,1.0,Low
WEST BENGAL,DINAJPUR UTTAR,0,0,0,0,0,0,0,267052,39372,1019232,0,1.0,Low
WEST BENGAL,Darjeeling Gorkha Hill Council (DGHC),0,0,0,0,0,0,0,19400,83388,255792,0,1.0,Low
WEST BENGAL,HOOGHLY,0,0,0,0,0,0,0,608232,117744,1677382,0,1.0,Low
WEST BENGAL,HOWRAH,0,0,0,0,0,0,0,128434,1678,809688,0,1.0,Low
WEST BENGAL,JALPAIGURI,0,0,0,0,0,0,0,319372,111060,808590,0,1.0,Low
WEST BENGAL,JHARGRAM,0,0,0,0,0,0,0,97956,133842,462006,0,1.0,Low
WEST BENGAL,KALIMPONG,0,0,0,0,0,0,0,7374,36448,111568,0,1.0,Low
WEST BENGAL,MALDAH,0,0,0,0,0,0,0,255388,82786,1445190,0,1.0,Low
WEST BENGAL,MURSHIDABAD,0,0,0,0,0,0,0,260992,33866,2410394,0,1.0,Low
WEST BENGAL,NADIA,0,0,0,0,0,0,0,324478,31134,1519684,0,1.0,Low
WEST BENGAL,PASCHIM BARDHAMAN,0,0,0,0,0,0,0,121520,33090,280210,0,1.0,Low
WEST BENGAL,PASCHIM MEDINIPUR,0,0,0,0,0,0,0,336904,196958,1776882,0,1.0,Low
WEST BENGAL,PURBA BARDHAMAN,0,0,0,0,0,0,0,617806,129132,1828576,0,1.0,Low
WEST BENGAL,PURBA MEDINIPUR,0,0,0,0,0,0,0,217514,8842,1836216,0,1.0,Low
WEST BENGAL,PURULIA,0,0,0,0,0,0,0,211116,214230,1049920,0,1.0,Low
WEST BENGAL,SILIGURI MAHAKUMA PARISAD,0,0,0,0,0,0,0,102026,59322,232596,0,1.0,Low
