State,District,clean_cooking_fuel_pct,electricity_access_pct,female_10plus_years_schooling_pct,female_literacy_rate,female_school_attendance_pct,health_insurance_pct,improved_sanitation_pct,improved_water_access_pct,sex_ratio
Andaman and Nicobar Island,Nicobar,56.9,97.9,53.5,87.5,78.0,2.7,83.5,98.8,973.0
Andaman and Nicobar Island,North & Middle Andaman,61.3,93.2,41.0,84.0,82.7,2.1,86.4,92.2,950.0
Andaman and Nicobar Island,South Andaman,91.9,99.6,57.5,86.7,84.7,1.2,89.3,97.9,967.0
Andhra Pradesh,Anantapur,86.4,99.6,31.3,63.6,59.5,73.2,71.3,98.8,1047.0
Andhra Pradesh,Chittoor,86.6,99.7,40.3,69.3,65.6,70.7,74.6,98.5,1024.0
Andhra Pradesh,East Godavari,80.3,98.8,43.2,77.9,75.4,66.4,77.7,97.9,995.0
Andhra Pradesh,Guntur,91.7,99.2,32.6,68.5,64.9,71.1,83.4,99.3,1055.0
Andhra Pradesh,Krishna,89.8,99.6,46.2,76.9,74.0,68.1,79.1,94.4,1064.0
Andhra Pradesh,Kurnool,78.1,99.9,33.4,57.0,55.2,73.3,73.5,97.9,1045.0
Andhra Pradesh,Prakasam,90.8,99.3,34.5,62.8,58.1,67.6,78.4,98.6,1011.0
Andhra Pradesh,Sri Potti Sriramulu Nellore,84.6,99.1,38.7,70.5,67.9,72.3,81.8,95.6,1049.0
Andhra Pradesh,Srikakulam,74.7,99.9,42.5,64.3,60.0,75.6,71.6,87.7,1140.0
Andhra Pradesh,Visakhapatnam,72.9,99.6,46.0,69.5,66.8,64.9,77.8,91.8,1066.0
Andhra Pradesh,Vizianagaram,60.3,99.5,37.6,58.3,56.0,76.7,61.7,93.1,1114.0
Andhra Pradesh,West Godavari,86.8,99.3,46.5,77.0,75.4,67.6,80.8,99.1,999.0
Andhra Pradesh,Y.S.R.,94.3,99.8,40.0,63.8,61.9,73.3,85.4,99.9,1058.0
Assam,Baksa,35.2,98.1,27.8,74.8,74.1,69.0,68.9,89.8,1057.0
Assam,Barpeta,38.7,88.9,31.7,74.8,75.4,58.9,63.7,98.1,1027.0
Assam,Biswanath,35.0,91.1,23.0,69.2,72.1,68.4,76.6,76.2,996.0
Assam,Bongaigaon,49.8,97.0,28.6,75.8,77.0,57.6,72.5,95.3,998.0
Assam,Cachar,43.0,81.7,25.8,77.2,80.5,57.9,57.6,43.8,1012.0
Assam,Charaideo,27.3,91.7,26.2,71.9,75.0,64.9,75.9,96.4,1027.0
Assam,Chirang,44.5,97.8,23.0,71.5,71.5,61.5,77.1,92.1,1015.0
Assam,Darrang,30.1,89.5,27.5,75.6,75.2,53.7,67.9,99.7,929.0
Assam,Dhemaji,21.6,95.0,43.6,81.5,77.3,66.8,70.8,95.3,1028.0
Assam,Dhubri,40.7,92.5,20.4,69.5,71.8,59.4,61.8,96.7,1000.0
Assam,Dibrugarh,44.7,94.4,33.7,76.6,79.5,58.8,75.3,98.1,1002.0
Assam,Dima Hasao,48.2,95.9,42.4,87.7,85.1,61.9,83.8,50.2,959.0
Assam,Goalpara,36.3,89.6,23.4,74.1,78.5,71.1,75.3,90.7,1007.0
Assam,Golaghat,33.1,96.4,27.9,75.1,77.6,69.3,73.1,93.7,1002.0
Assam,Hailakandi,35.2,91.2,25.3,82.2,81.5,53.6,60.0,41.2,1054.0
Assam,Hojai,52.0,96.3,23.1,83.2,79.1,67.4,63.1,99.9,986.0
Assam,Jorhat,48.3,95.1,42.9,85.1,84.4,60.1,80.4,85.9,1009.0
Assam,Kamrup,57.4,94.8,39.2,79.6,79.4,47.0,68.7,92.1,997.0
Assam,Kamrup Metropolitan,85.1,99.2,49.1,86.0,87.5,45.5,65.2,87.2,946.0
Assam,Karbi Anglong,33.4,97.0,30.3,78.8,76.4,54.1,75.2,79.6,994.0
Assam,Karimganj,39.6,87.1,19.6,80.7,82.1,64.4,61.5,62.3,1000.0
Assam,Kokrajhar,43.3,93.9,27.5,73.7,75.2,50.2,72.2,87.3,1025.0
Assam,Lakhimpur,36.1,97.2,42.1,83.9,83.2,67.0,74.2,81.2,983.0
Assam,Majuli,19.3,93.5,41.7,83.4,78.4,60.8,65.6,98.6,995.0
Assam,Morigaon,37.6,89.5,24.5,78.7,79.1,62.5,62.3,94.6,1055.0
Assam,Nagaon,38.6,94.5,22.1,78.4,81.3,59.4,66.1,96.1,1050.0
Assam,Nalbari,51.1,94.7,41.6,83.9,81.8,52.5,68.1,99.5,1043.0
Assam,Sivasagar,45.5,97.0,47.1,86.6,87.1,60.7,82.3,92.7,989.0
Assam,Sonitpur,45.8,88.2,24.3,76.9,74.9,66.9,72.2,82.9,1027.0
Assam,South Salmara Mancachar,28.5,79.5,20.9,63.5,69.4,68.2,59.0,98.2,968.0
Assam,Tinsukia,40.9,95.7,25.6,70.5,72.6,60.0,66.7,96.8,1023.0
Assam,Udalguri,34.0,95.5,23.8,70.0,70.6,70.6,73.8,82.3,1087.0
Assam,West Karbi Anglong,17.7,94.7,21.7,73.9,73.8,63.1,76.7,44.7,959.0
Bihar,Araria,15.2,96.2,16.8,43.7,53.0,19.5,32.2,100.0,1094.0
Bihar,Arwal,29.3,97.4,32.9,62.5,62.6,15.6,43.4,99.9,1076.0
Bihar,Aurangabad,38.9,97.7,36.9,67.6,65.0,15.4,47.1,100.0,1074.0
Bihar,Banka,32.3,96.2,22.6,55.7,59.3,13.6,38.2,96.3,1083.0
Bihar,Begusarai,45.2,96.2,34.1,62.3,65.0,13.2,62.2,99.1,1076.0
Bihar,Bhagalpur,49.2,94.5,35.1,65.6,65.1,16.3,60.9,98.0,986.0
Bihar,Bhojpur,42.9,97.9,34.6,64.1,67.9,9.6,45.9,99.7,1003.0
Bihar,Buxar,44.7,98.5,33.3,68.1,64.8,11.4,52.4,99.8,1005.0
Bihar,Darbhanga,41.6,97.2,22.7,49.4,54.9,25.3,48.7,99.8,1122.0
Bihar,Gaya,34.7,97.9,30.7,59.4,59.6,9.7,44.4,99.2,1080.0
Bihar,Gopalganj,39.4,96.2,32.9,63.3,63.3,12.7,60.1,99.9,1157.0
Bihar,Jamui,40.2,97.9,20.6,48.7,53.1,14.3,37.6,90.5,1090.0
Bihar,Jehanabad,34.3,99.3,30.5,63.2,61.7,13.2,45.5,99.8,1085.0
Bihar,Kaimur (Bhabua),29.0,96.7,29.5,66.0,62.3,18.1,59.1,98.0,1018.0
Bihar,Katihar,16.9,92.0,19.8,49.7,57.5,8.4,44.6,99.2,1053.0
Bihar,Khagaria,33.2,94.5,26.6,51.8,60.6,15.6,65.0,98.8,1111.0
Bihar,Kishanganj,15.3,95.8,15.0,48.0,56.0,8.1,52.4,100.0,1199.0
Bihar,Lakhisarai,42.6,98.0,30.0,57.9,61.2,15.1,51.6,96.6,1074.0
Bihar,Madhepura,13.4,97.0,23.2,47.6,58.0,9.5,34.6,99.3,1148.0
Bihar,Madhubani,40.0,98.6,26.5,53.2,55.6,19.2,38.2,100.0,1227.0
Bihar,Munger,59.4,98.4,44.4,69.5,69.5,15.2,62.8,97.7,1032.0
Bihar,Muzaffarpur,41.5,96.6,33.8,63.0,65.1,13.2,55.2,99.9,1097.0
Bihar,Nalanda,41.0,98.9,28.8,56.1,59.6,12.8,52.5,98.9,1048.0
Bihar,Nawada,40.7,97.4,37.3,62.1,61.4,8.1,47.9,99.3,1099.0
Bihar,Pashchim Champaran,31.4,93.5,21.6,52.5,59.8,20.0,43.3,99.7,1088.0
Bihar,Patna,64.6,99.0,43.6,67.6,69.5,10.2,61.0,98.8,950.0
Bihar,Purba Champaran,44.2,94.8,20.1,50.2,58.2,19.4,48.3,99.9,1185.0
Bihar,Purnia,19.3,92.4,19.2,47.5,53.6,10.2,35.6,99.6,1128.0
Bihar,Rohtas,47.4,98.5,42.6,76.5,70.5,17.2,69.0,99.6,1040.0
Bihar,Saharsa,25.2,97.2,20.9,43.1,50.2,12.8,40.5,100.0,1128.0
Bihar,Samastipur,36.1,95.7,26.5,54.3,60.9,19.0,48.8,98.6,1071.0
Bihar,Saran,36.8,93.6,35.5,65.6,64.8,9.4,37.2,99.7,1077.0
Bihar,Sheikhpura,40.3,97.3,28.3,55.0,58.5,9.7,54.2,98.4,1074.0
Bihar,Sheohar,31.3,97.6,21.0,52.5,56.2,18.1,57.9,100.0,1066.0
Bihar,Sitamarhi,40.5,93.1,19.2,51.7,59.1,20.7,50.7,99.7,1209.0
Bihar,Siwan,48.0,95.3,38.9,70.9,70.7,8.2,47.7,99.8,1141.0
Bihar,Supaul,15.0,97.3,16.2,42.1,50.9,14.2,50.7,99.7,1126.0
Bihar,Vaishali,40.9,96.5,34.0,62.4,64.5,13.5,52.6,99.2,1069.0
Dadra & Nagar Haveli and Daman & Diu,Dadra & Nagar Haveli,74.3,99.7,31.5,72.8,70.8,58.8,63.1,94.8,817.0
Dadra & Nagar Haveli and Daman & Diu,Daman,92.1,99.5,42.9,85.9,83.8,32.9,67.1,96.0,755.0
Dadra & Nagar Haveli and Daman & Diu,Diu,85.3,100.0,52.7,90.8,77.8,64.0,89.7,99.7,1332.0
Goa,North Goa,96.7,100.0,72.0,92.4,89.5,64.8,87.7,98.1,1017.0
Goa,South Goa,96.2,100.0,70.9,93.8,88.2,67.7,88.2,99.0,1040.0
Gujarat,Ahmedabad,89.7,99.5,42.7,81.5,79.8,36.2,86.4,98.7,928.0
Gujarat,Amreli,65.6,99.6,27.2,77.2,69.9,47.7,73.3,97.8,984.0
Gujarat,Anand,65.1,98.0,32.2,75.9,75.2,36.2,82.1,99.7,912.0
Gujarat,Aravali,47.9,96.5,34.7,71.9,68.6,43.9,56.3,98.5,996.0
Gujarat,Banaskantha,45.6,91.1,17.6,63.7,61.1,41.0,53.9,93.6,1007.0
Gujarat,Bharuch,60.2,98.2,31.5,74.0,76.7,37.4,77.7,97.2,960.0
Gujarat,Bhavnagar,59.8,96.9,26.3,74.2,72.0,32.2,72.9,95.1,942.0
Gujarat,Botad,63.0,99.3,22.0,71.8,68.9,38.0,72.0,99.2,975.0
Gujarat,Chhota Udaipur,25.7,95.3,20.3,53.2,52.3,40.0,53.0,97.4,1016.0
Gujarat,Dahod,26.8,89.3,23.1,56.1,59.6,40.3,35.9,91.0,1047.0
Gujarat,Devbhumi Dwarka,61.2,98.7,15.8,66.1,59.0,33.5,73.4,93.9,1010.0
Gujarat,Gandhinagar,76.9,97.8,37.9,81.8,77.6,29.7,84.6,99.7,924.0
Gujarat,Gir Somnath,46.8,99.5,30.8,73.1,65.8,46.6,74.3,98.2,981.0
Gujarat,Jamnagar,81.6,98.9,35.3,83.1,72.8,38.6,86.6,99.7,1004.0
Gujarat,Junagadh,67.2,99.3,35.0,82.8,73.8,47.3,81.7,97.0,999.0
Gujarat,Kachchh,67.2,99.2,24.1,75.6,66.6,34.3,85.8,96.8,979.0
Gujarat,Kheda,48.0,96.9,24.2,70.9,74.0,32.2,63.3,97.7,934.0
Gujarat,Mahesana,63.1,97.7,32.6,75.1,71.3,40.7,72.1,97.0,913.0
Gujarat,Mahisagar,47.4,95.2,33.9,70.9,66.1,46.0,44.4,94.8,993.0
Gujarat,Morbi,73.6,99.9,35.4,82.4,70.5,34.4,80.1,98.3,981.0
Gujarat,Narmada,31.3,92.7,22.6,67.3,66.0,51.1,54.6,96.8,1006.0
Gujarat,Navsari,70.2,98.7,47.7,84.1,77.9,42.0,80.1,97.4,1056.0
Gujarat,Panchmahal,43.6,95.5,28.4,71.7,70.1,34.0,58.9,91.0,969.0
Gujarat,Patan,62.6,98.3,22.6,71.1,64.8,50.2,73.1,99.4,967.0
Gujarat,Porbandar,76.9,99.8,35.9,84.3,74.9,42.1,85.7,96.2,1000.0
Gujarat,Rajkot,83.6,99.6,42.6,84.7,78.4,45.1,85.4,99.5,975.0
Gujarat,Sabarkantha,58.7,95.3,31.1,74.5,68.7,49.3,61.0,90.7,987.0
Gujarat,Surat,88.6,99.3,44.0,84.2,82.7,31.6,82.0,98.9,912.0
Gujarat,Surendranagar,56.9,99.4,23.3,75.1,66.0,50.4,63.8,96.9,957.0
Gujarat,Tapi,45.5,97.6,32.5,72.0,66.1,42.3,70.2,99.0,1076.0
Gujarat,The Dangs,23.4,95.9,20.7,68.9,69.9,44.3,71.7,91.2,1023.0
Gujarat,Vadodara,78.1,97.3,46.4,84.6,82.0,41.7,85.6,99.5,953.0
Gujarat,Valsad,73.1,98.6,45.6,82.9,79.0,40.6,85.3,98.0,1009.0
Himachal Pradesh,Bilaspur,35.8,100.0,64.2,91.2,81.3,35.4,80.8,92.9,1096.0
Himachal Pradesh,Chamba,35.0,99.1,50.9,84.1,70.1,26.8,86.5,85.5,1073.0
Himachal Pradesh,Hamirpur,44.7,99.7,76.1,94.8,86.7,32.0,85.5,98.0,1182.0
Himachal Pradesh,Kangra,49.1,99.7,69.9,94.4,84.1,36.4,73.3,98.6,1051.0
Himachal Pradesh,Kinnaur,70.4,99.6,56.1,89.1,73.8,35.9,80.1,96.9,967.0
Himachal Pradesh,Kullu,65.0,99.2,54.4,87.4,77.4,26.8,81.2,94.3,1008.0
Himachal Pradesh,Lahul and Spiti,71.7,99.8,55.9,86.2,65.6,31.2,61.7,89.2,1077.0
Himachal Pradesh,Mandi,38.6,99.5,71.8,94.0,79.2,41.3,87.0,96.5,1159.0
Himachal Pradesh,Shimla,78.0,100.0,69.7,93.4,81.6,37.1,87.3,97.3,956.0
Himachal Pradesh,Sirmaur,46.8,99.2,55.6,84.9,75.7,26.2,84.3,95.7,923.0
Himachal Pradesh,Solan,62.5,99.2,62.3,91.0,82.4,41.9,81.8,96.5,947.0
Himachal Pradesh,Una,46.2,98.5,66.8,92.5,86.1,22.6,81.4,98.8,1026.0
Jammu and Kashmir,Anantnag,76.5,98.7,52.8,74.7,65.5,7.3,84.7,99.3,974.0
Jammu and Kashmir,Badgam,71.1,99.5,48.2,74.1,62.5,5.2,77.0,95.8,937.0
Jammu and Kashmir,Bandipore,77.9,99.0,35.9,66.6,62.4,9.1,66.8,89.8,970.0
Jammu and Kashmir,Baramula,76.5,98.7,35.9,67.9,62.9,6.5,77.7,93.3,955.0
Jammu and Kashmir,Doda,42.4,99.6,46.8,69.2,65.1,7.6,70.9,92.6,943.0
Jammu and Kashmir,Ganderbal,84.4,99.5,34.3,64.0,60.2,8.3,78.4,97.2,931.0
Jammu and Kashmir,Jammu,87.9,100.0,70.8,91.5,84.0,23.3,81.2,99.9,939.0
Jammu and Kashmir,Kathua,68.5,99.7,64.9,87.7,77.4,7.0,75.4,96.1,894.0
Jammu and Kashmir,Kishtwar,50.6,88.8,48.0,71.3,68.9,16.4,59.6,86.8,978.0
Jammu and Kashmir,Kulgam,40.3,99.8,42.4,70.9,64.0,4.2,80.5,96.4,962.0
Jammu and Kashmir,Kupwara,62.0,99.3,44.9,76.0,68.7,10.4,67.7,88.0,987.0
Jammu and Kashmir,Pulwama,76.6,99.1,49.4,76.6,67.2,9.9,91.6,98.0,953.0
Jammu and Kashmir,Punch,44.6,99.7,46.8,79.3,72.1,11.1,66.7,76.8,946.0
Jammu and Kashmir,Rajouri,42.8,100.0,46.4,79.4,72.6,16.4,63.3,77.7,901.0
Jammu and Kashmir,Ramban,35.8,97.4,35.5,62.2,60.8,9.2,48.9,73.4,915.0
Jammu and Kashmir,Reasi,35.2,99.9,41.9,68.2,66.9,11.2,62.7,76.5,967.0
Jammu and Kashmir,Samba,73.0,99.8,60.6,84.8,76.6,19.0,78.8,95.4,960.0
Jammu and Kashmir,Shupiyan,66.1,99.9,55.2,80.8,71.4,8.4,86.5,99.2,958.0
Jammu and Kashmir,Srinagar,98.4,100.0,60.5,78.4,68.2,17.9,86.8,98.5,972.0
Jammu and Kashmir,Udhampur,55.1,99.9,43.7,77.3,73.0,16.8,69.8,76.4,946.0
Karnataka,Bagalkot,56.6,98.9,37.7,69.7,67.3,22.3,51.3,99.2,1007.0
Karnataka,Bangalore,97.2,98.8,70.1,87.3,85.7,28.8,90.4,99.2,1006.0
Karnataka,Bangalore Rural,93.6,99.2,56.3,83.8,74.3,34.9,88.8,97.9,986.0
Karnataka,Belgaum,74.8,99.1,47.8,74.0,72.4,20.7,67.7,94.4,1032.0
Karnataka,Bellary,76.2,98.9,39.9,64.4,64.2,25.7,64.1,94.7,1038.0
Karnataka,Bidar,65.2,98.8,45.0,73.8,68.2,21.4,56.5,98.9,1034.0
Karnataka,Bijapur,60.6,97.6,37.1,66.6,66.1,21.2,44.8,92.5,995.0
Karnataka,Chamarajanagar,89.0,98.7,41.7,72.4,63.2,34.4,75.2,99.9,1037.0
Karnataka,Chikkaballapura,89.4,99.9,48.0,76.3,65.9,26.1,84.9,98.1,1067.0
Karnataka,Chikmagalur,79.0,99.3,48.3,82.9,76.2,30.0,92.3,95.7,1041.0
Karnataka,Chitradurga,80.6,99.8,48.3,75.6,73.0,35.3,63.1,97.8,1023.0
Karnataka,Dakshina Kannada,82.0,99.8,62.8,92.7,83.9,36.3,97.1,88.6,1063.0
Karnataka,Davanagere,79.1,98.8,47.1,76.0,74.9,25.2,83.3,97.5,967.0
Karnataka,Dharwad,79.1,99.4,51.4,81.8,78.2,24.5,79.3,87.9,1022.0
Karnataka,Gadag,56.3,98.6,45.1,70.7,73.3,28.3,55.2,95.5,1060.0
Karnataka,Gulbarga,58.5,99.4,42.0,68.2,65.0,17.4,36.5,92.5,1023.0
Karnataka,Hassan,86.1,99.3,51.3,82.0,74.4,36.9,87.9,96.8,1102.0
Karnataka,Haveri,60.7,99.1,40.0,71.5,72.6,28.8,68.9,99.1,978.0
Karnataka,Kodagu,78.3,98.7,58.9,88.5,83.6,45.6,93.9,89.2,1168.0
Karnataka,Kolar,89.9,99.5,55.0,78.3,71.6,33.9,89.2,98.5,1030.0
Karnataka,Koppal,47.4,99.2,34.4,59.8,63.9,20.6,58.8,96.0,994.0
Karnataka,Mandya,90.5,98.4,52.5,78.3,67.7,39.9,86.7,98.4,1122.0
Karnataka,Mysore,94.7,99.5,49.6,78.9,72.4,26.2,86.4,95.4,1077.0
Karnataka,Raichur,64.9,99.7,31.7,54.3,55.3,17.8,53.0,94.0,1033.0
Karnataka,Ramanagara,92.0,99.6,54.5,82.7,68.8,35.7,89.6,98.3,1064.0
Karnataka,Shimoga,85.7,99.5,49.1,79.8,78.8,26.5,85.4,94.6,1010.0
Karnataka,Tumkur,85.3,99.6,58.9,81.9,72.3,31.0,86.1,96.2,1085.0
Karnataka,Udupi,67.8,99.6,55.4,90.3,82.0,50.9,94.5,81.5,1148.0
Karnataka,Uttara Kannada,73.4,99.1,49.2,84.3,81.1,32.0,89.6,84.8,1011.0
Karnataka,Yadgir,48.8,99.0,26.4,48.1,51.9,16.7,37.4,95.2,1020.0
Kerala,Alappuzha,79.2,99.9,78.8,99.7,97.8,60.4,99.2,98.4,1108.0
Kerala,Ernakulam,88.4,100.0,83.8,99.3,97.2,46.2,99.3,98.2,1046.0
Kerala,Idukki,54.3,99.0,73.2,94.4,93.0,58.1,97.5,82.3,1029.0
Kerala,Kannur,70.4,99.7,74.1,99.1,96.7,47.9,99.5,93.9,1203.0
Kerala,Kasaragod,73.5,99.5,68.3,95.9,90.8,44.0,98.9,93.2,1134.0
Kerala,Kollam,80.1,99.8,80.6,98.2,96.6,56.0,97.5,95.7,1171.0
Kerala,Kottayam,72.5,99.6,85.8,99.7,97.9,53.2,98.6,97.1,1071.0
Kerala,Kozhikode,73.8,99.6,84.3,99.1,97.7,61.1,99.6,93.3,1112.0
Kerala,Malappuram,59.0,99.7,69.5,99.2,94.9,42.8,99.9,97.7,1101.0
Kerala,Palakkad,67.5,98.9,63.2,94.4,89.6,53.8,99.0,94.7,1148.0
Kerala,Pathanamthitta,60.1,99.6,84.5,99.7,97.7,50.1,98.9,94.1,1174.0
Kerala,Thiruvananthapuram,72.2,99.9,83.1,98.5,94.5,48.7,95.4,92.9,1145.0
Kerala,Thrissur,76.3,100.0,79.2,99.4,97.8,48.7,99.5,93.7,1167.0
Kerala,Wayanad,55.7,97.0,68.0,93.7,88.2,64.8,97.6,94.1,1019.0
Ladakh,Kargil,58.1,99.1,50.3,77.2,69.6,13.6,42.3,90.2,975.0
Ladakh,Leh (Ladakh),93.5,99.8,49.8,76.4,66.3,16.2,42.4,87.1,967.0
Maharashtra,Ahmednagar,77.4,94.5,45.7,86.2,77.4,12.0,79.5,90.0,967.0
Maharashtra,Akola,75.5,97.6,52.7,87.5,86.3,40.1,69.5,95.1,951.0
Maharashtra,Amravati,71.7,99.1,55.0,87.8,86.2,31.9,75.7,95.8,994.0
Maharashtra,Aurangabad,78.4,97.0,48.4,83.1,78.4,12.4,69.1,91.7,978.0
Maharashtra,Bhandara,71.4,98.8,53.9,89.1,80.3,30.0,81.8,92.0,1004.0
Maharashtra,Bid,54.4,94.8,38.6,76.3,64.6,9.3,66.4,85.4,934.0
Maharashtra,Buldana,69.2,97.1,41.8,79.9,78.1,37.9,68.9,89.7,957.0
Maharashtra,Chandrapur,85.1,98.9,57.5,87.8,78.9,28.9,77.3,96.5,974.0
Maharashtra,Dhule,65.1,96.0,40.8,68.8,73.5,19.8,58.9,89.9,999.0
Maharashtra,Gadchiroli,60.5,95.8,42.3,79.4,67.1,33.3,62.4,83.0,1048.0
Maharashtra,Gondiya,68.0,98.2,54.1,87.5,80.4,30.6,74.3,91.6,994.0
Maharashtra,Hingoli,53.1,98.1,33.2,76.5,69.4,14.7,69.0,92.4,962.0
Maharashtra,Jalgaon,79.5,96.8,40.8,76.5,77.5,11.9,59.7,94.3,983.0
Maharashtra,Jalna,56.4,95.7,34.3,71.8,67.6,9.7,63.6,82.8,948.0
Maharashtra,Kolhapur,84.7,98.8,53.8,90.7,80.2,16.5,82.0,97.3,1025.0
Maharashtra,Latur,78.5,97.2,40.7,83.3,70.6,33.6,72.5,94.6,979.0
Maharashtra,Mumbai,98.3,99.6,71.1,94.3,92.5,30.7,58.6,100.0,939.0
Maharashtra,Mumbai Suburban,98.7,99.2,65.7,91.6,88.5,20.2,62.6,99.8,921.0
Maharashtra,Nagpur,96.0,99.5,67.6,94.6,86.5,25.6,88.9,99.5,971.0
Maharashtra,Nanded,64.5,96.4,31.6,71.9,68.1,15.7,68.0,94.8,970.0
Maharashtra,Nandurbar,40.3,96.2,29.9,57.7,63.5,15.3,54.1,94.6,961.0
Maharashtra,Nashik,72.5,95.3,42.6,80.0,78.2,14.7,68.3,86.3,913.0
Maharashtra,Osmanabad,69.7,96.8,41.5,83.7,71.3,14.8,71.2,96.4,992.0
Maharashtra,Palghar,75.0,97.7,48.3,77.6,77.5,18.8,75.1,91.1,963.0
Maharashtra,Parbhani,54.8,96.8,28.8,73.4,67.1,10.5,60.1,89.0,966.0
Maharashtra,Pune,89.5,99.4,61.2,89.0,84.8,14.4,79.6,96.9,918.0
Maharashtra,Raigarh,83.3,97.9,45.0,79.2,73.7,26.3,74.8,87.8,1003.0
Maharashtra,Ratnagiri,58.1,99.2,41.2,87.2,80.3,16.6,85.6,90.9,1069.0
Maharashtra,Sangli,87.3,98.2,54.6,90.3,80.4,12.3,84.7,96.8,1027.0
Maharashtra,Satara,82.1,97.9,48.3,87.2,78.5,11.4,78.7,95.6,1049.0
Maharashtra,Sindhudurg,66.0,99.4,49.4,92.1,83.1,13.2,87.9,73.2,1035.0
Maharashtra,Solapur,73.1,97.1,36.0,76.4,72.0,20.5,67.8,90.4,962.0
Maharashtra,Thane,90.4,99.3,55.9,90.5,86.1,22.7,74.7,96.7,982.0
Maharashtra,Wardha,83.9,98.8,56.5,93.0,85.1,27.1,80.2,98.5,979.0
Maharashtra,Washim,61.4,97.2,42.0,78.0,76.0,24.1,61.5,73.7,948.0
Maharashtra,Yavatmal,71.8,97.2,38.9,80.8,77.6,29.0,66.4,89.5,986.0
Manipur,Bishnupur,71.3,98.6,48.7,88.4,81.5,9.3,52.6,77.7,1094.0
Manipur,Chandel,52.0,99.9,43.3,80.2,76.9,16.1,85.2,68.6,1077.0
Manipur,Churachandpur,62.3,94.0,36.6,84.2,84.0,18.2,81.2,62.5,1144.0
Manipur,Imphal East,79.0,98.6,49.9,90.0,87.2,7.0,59.5,90.2,1059.0
Manipur,Imphal West,88.6,99.4,61.9,92.5,89.0,15.7,58.7,89.1,1041.0
Manipur,Senapati,50.0,98.8,39.6,81.9,79.6,15.4,84.4,64.4,1053.0
Manipur,Tamenglong,30.5,93.6,33.1,76.8,78.4,16.8,77.9,51.6,1032.0
Manipur,Thoubal,74.7,98.6,40.7,85.4,79.9,19.1,61.3,72.5,1095.0
Manipur,Ukhrul,22.9,95.0,49.7,86.9,83.7,17.0,81.4,50.9,969.0
Meghalaya,East Garo Hills,29.1,97.4,40.5,86.7,90.9,71.9,83.9,67.0,1026.0
Meghalaya,East Jaintia Hills,26.5,85.1,23.0,76.0,76.0,74.1,83.6,74.6,1066.0
Meghalaya,East Khasi Hills,47.4,96.6,43.5,93.7,88.7,47.1,80.9,90.0,1049.0
Meghalaya,North Garo Hills,24.4,97.5,38.4,86.1,91.3,60.8,84.9,51.5,1009.0
Meghalaya,Ribhoi,21.0,92.1,23.1,89.5,85.3,66.8,85.3,86.2,998.0
Meghalaya,South Garo Hills,22.3,98.6,38.4,88.6,89.2,79.5,88.4,60.4,984.0
Meghalaya,South West Garo Hills,33.9,95.5,33.0,82.6,81.7,75.1,71.4,58.6,995.0
Meghalaya,South West Khasi Hills,11.6,87.9,23.4,85.9,84.6,72.3,89.6,85.3,1025.0
Meghalaya,West Garo Hills,47.6,94.7,45.1,89.0,88.7,77.9,86.3,83.7,1025.0
Meghalaya,West Jaintia Hills,20.7,75.4,24.7,80.0,73.8,65.6,75.1,70.6,1143.0
Meghalaya,West Khasi Hills,8.6,85.0,16.4,87.4,85.1,60.1,87.8,80.5,1038.0
Mizoram,Aizawl,95.4,99.7,60.7,98.9,97.8,37.5,96.1,98.3,1052.0
Mizoram,Champhai,79.4,100.0,47.8,97.7,93.3,64.9,98.3,98.6,944.0
Mizoram,Kolasib,87.5,99.1,41.7,96.9,93.9,61.1,96.8,95.3,1002.0
Mizoram,Lawngtlai,56.3,89.0,32.2,76.0,79.9,31.3,90.3,82.2,1051.0
Mizoram,Lunglei,79.9,98.0,46.3,91.6,89.8,46.5,95.6,96.0,1004.0
Mizoram,Mamit,73.3,97.9,40.0,89.6,90.7,61.7,92.7,97.3,991.0
Mizoram,Saiha,83.7,99.7,50.2,95.1,92.2,44.2,91.5,95.2,994.0
Mizoram,Serchhip,81.8,99.3,43.1,99.7,96.8,58.8,98.2,97.7,981.0
Nagaland,Dimapur,84.2,99.8,52.5,86.6,89.8,5.7,81.1,92.4,1010.0
Nagaland,Kiphire,16.4,97.9,22.0,73.7,77.4,8.8,83.1,90.9,954.0
Nagaland,Kohima,61.7,99.5,70.9,95.2,90.4,26.7,87.4,89.9,954.0
Nagaland,Longleng,11.8,99.1,23.8,82.0,81.2,38.3,86.6,76.3,969.0
Nagaland,Mokokchung,46.2,97.7,55.8,94.0,88.0,22.3,96.7,97.4,1041.0
Nagaland,Mon,13.0,96.4,24.3,78.2,79.4,39.3,86.4,86.7,1006.0
Nagaland,Peren,31.4,98.2,35.5,77.6,81.1,5.4,89.4,92.5,1079.0
Nagaland,Phek,24.2,99.4,39.4,85.8,80.5,24.9,90.1,98.1,1021.0
Nagaland,Tuensang,19.7,96.6,27.0,77.8,80.5,22.0,92.0,90.4,946.0
Nagaland,Wokha,41.2,99.7,45.3,91.6,85.8,20.6,88.5,83.4,1105.0
Nagaland,Zunheboto,18.6,99.4,40.2,87.1,87.4,18.1,88.9,91.0,1132.0
Sikkim,East District,87.6,99.4,53.2,90.1,86.4,29.9,85.0,93.6,1008.0
Sikkim,North District,65.9,98.9,37.7,81.4,78.5,24.5,83.8,94.7,997.0
Sikkim,South District,66.5,99.6,45.7,90.5,80.2,20.8,91.7,93.3,973.0
Sikkim,West District,69.8,98.8,43.9,85.7,81.8,19.9,88.9,89.9,959.0
Telangana,Adilabad,81.6,99.2,41.0,64.8,58.6,63.6,50.8,95.7,992.0
Telangana,Bhadradri Kothagudem,89.2,99.4,41.8,68.7,62.7,59.4,75.3,99.1,1082.0
Telangana,Hyderabad,99.5,99.9,63.2,83.6,80.3,48.9,84.4,99.6,959.0
Telangana,Jagitial,94.7,99.3,43.5,62.4,55.9,59.2,76.5,97.3,1219.0
Telangana,Jangoan,91.1,99.3,44.0,65.5,56.6,71.7,84.3,99.4,1066.0
Telangana,Jayashankar Bhupalapally,90.3,99.3,36.3,58.9,52.4,71.5,65.6,95.1,1079.0
Telangana,Jogulamba Gadwal,86.1,99.8,27.4,45.0,47.8,61.8,73.7,97.0,1037.0
Telangana,Kamareddy,82.3,99.5,35.6,58.6,51.1,66.5,68.2,99.4,1104.0
Telangana,Karimnagar,94.9,99.7,50.8,70.3,63.6,58.6,78.8,98.3,1065.0
Telangana,Khammam,97.1,99.7,40.9,66.3,61.8,60.4,84.5,98.4,1061.0
Telangana,Komaram Bheem Asifabad,85.8,97.8,28.7,51.7,52.9,63.6,54.0,93.6,1024.0
Telangana,Mahabubabad,86.6,99.6,34.7,58.0,55.0,69.3,68.6,98.2,1067.0
Telangana,Mahabubnagar,85.9,99.4,40.4,59.6,54.8,70.3,73.7,99.6,1035.0
Telangana,Mancherial,93.1,99.6,48.8,69.5,58.4,64.4,78.1,95.6,1065.0
Telangana,Medak,80.1,99.4,39.3,57.7,52.3,61.2,78.2,99.9,1051.0
Telangana,Medchal-Malkajgiri,99.0,100.0,59.3,79.5,72.9,53.8,86.2,99.9,996.0
Telangana,Nagarkurnool,87.3,99.9,36.0,57.1,51.1,68.6,73.2,99.6,1066.0
Telangana,Nalgonda,94.6,99.9,40.9,62.6,59.8,64.8,76.4,99.2,1017.0
Telangana,Nirmal,88.8,99.5,40.9,58.6,53.3,49.9,63.6,98.3,1171.0
Telangana,Nizamabad,92.4,99.9,42.4,63.1,54.3,52.3,72.5,99.4,1132.0
Telangana,Peddapalli,96.6,99.5,46.6,73.7,61.3,59.1,77.8,98.0,1028.0
Telangana,Rajanna Sircilla,96.6,99.8,46.4,64.7,56.4,62.8,77.4,98.7,1167.0
Telangana,Ranga Reddy,97.0,99.7,51.4,72.1,68.6,58.3,81.1,99.4,1022.0
Telangana,Sangareddy,81.1,99.6,41.5,63.6,60.2,58.1,68.0,99.4,1053.0
Telangana,Siddipet,93.2,99.5,51.3,71.0,60.8,60.9,84.1,97.2,1062.0
Telangana,Suryapet,94.5,99.4,42.5,63.5,57.4,63.1,77.9,99.8,1032.0
Telangana,Vikarabad,76.0,99.1,38.3,59.3,53.1,59.6,66.7,99.7,998.0
Telangana,Wanaparthy,88.9,99.2,37.0,52.1,49.3,70.1,75.9,99.4,1018.0
Telangana,Warangal Rural,87.8,99.7,40.0,60.1,51.8,72.0,74.3,99.0,1070.0
Telangana,Warangal Urban,94.6,99.6,57.2,76.9,70.3,62.0,81.2,99.1,1087.0
Telangana,Yadadri Bhuvanagiri,94.9,99.6,48.0,68.4,59.1,65.3,81.9,99.7,1071.0
Tripura,Dhalai,34.0,97.7,13.9,71.6,74.8,44.2,67.6,70.3,1034.0
Tripura,Gomati,47.7,98.8,22.8,77.2,80.1,29.9,77.4,87.7,1011.0
Tripura,Khowai,41.5,99.0,18.9,80.5,81.3,44.1,67.8,83.2,1059.0
Tripura,North Tripura,41.6,96.2,23.7,83.1,86.4,28.7,74.1,75.6,1040.0
Tripura,Sepahijala,37.1,99.0,21.7,79.6,78.9,31.6,75.4,97.4,1021.0
Tripura,South Tripura,29.4,95.9,21.6,80.3,80.4,37.3,68.6,90.5,1054.0
Tripura,Unakoti,29.2,96.4,18.7,76.4,81.6,28.0,61.8,78.6,1079.0
Tripura,West Tripura,65.2,99.8,30.9,86.2,85.3,28.1,80.2,98.5,937.0
West Bengal,Bankura,20.8,92.3,27.9,68.3,68.7,43.4,49.2,96.3,1053.0
West Bengal,Birbhum,28.1,97.8,25.8,70.8,73.6,37.7,55.0,99.4,1033.0
West Bengal,Dakshin Dinajpur,28.7,96.5,30.5,74.3,77.7,28.3,79.0,99.7,1106.0
West Bengal,Darjeeling,68.8,98.2,41.3,77.0,78.3,26.3,83.0,90.8,1029.0
West Bengal,Haora,61.9,99.0,40.1,80.5,82.0,20.1,72.9,99.5,1011.0
West Bengal,Hugli,54.6,98.4,37.0,77.4,81.0,26.5,76.2,98.1,1082.0
West Bengal,Jalpaiguri,42.7,97.4,33.9,73.6,73.7,35.8,73.2,95.2,1038.0
West Bengal,Koch Bihar,25.7,98.2,26.7,79.2,75.7,36.0,75.7,99.3,1058.0
West Bengal,Kolkata,91.7,99.6,55.4,87.6,87.2,21.1,60.9,99.3,954.0
West Bengal,Maldah,29.6,98.1,30.0,72.3,71.3,29.0,62.0,99.0,1062.0
West Bengal,Murshidabad,30.7,96.7,24.2,67.6,74.7,28.4,69.7,99.1,1103.0
West Bengal,Nadia,34.2,98.2,28.3,76.2,77.6,23.0,78.4,98.2,1071.0
West Bengal,North Twenty Four Parganas,58.9,99.5,40.7,85.5,82.4,30.7,80.4,99.5,1013.0
West Bengal,Paschim Barddhaman,56.3,97.0,37.1,73.5,74.8,21.8,71.5,95.2,977.0
West Bengal,Paschim Medinipur,17.5,95.4,26.2,70.9,72.1,25.8,58.3,95.5,1089.0
West Bengal,Purba Barddhaman,32.1,96.8,27.3,73.2,71.2,37.2,64.2,99.1,1067.0
West Bengal,Purba Medinipur,17.0,99.0,30.9,77.0,83.0,21.5,69.8,87.8,1031.0
West Bengal,Puruliya,23.2,88.6,26.9,61.0,63.6,35.6,29.2,87.6,1065.0
West Bengal,South Twenty Four Parganas,36.2,99.2,34.9,85.6,80.9,36.7,70.1,100.0,1055.0
West Bengal,Uttar Dinajpur,27.2,96.9,29.3,65.4,68.1,21.0,63.8,99.8,1093.0
